id,imaging_depth,targeted_structure,cre_line,reporter_line,donor_name,specimen_name,tags,failed
660492886,275,VISal,Sst-IRES-Cre,Ai148(TIT2L-GC6f-ICL-tTA2),306500,Sst-IRES-Cre;Ai148(CAM)-306500,[],False
803589437,175,VISp,Slc17a7-IRES2-Cre,Ai93(TITL-GCaMP6f),425496,Slc17a7-IRES2-Cre;Camk2a-tTA;Ai93-425496,[],False
661437138,175,VISp,Slc17a7-IRES2-Cre,Ai93(TITL-GCaMP6f),365251,Slc17a7-IRES2-Cre;Camk2a-tTA;Ai93-365251,[],False
511510736,175,VISp,Cux2-CreERT2,Ai93(TITL-GCaMP6f),222426,Cux2-CreERT2;Camk2a-tTA;Ai93-222426,[],False
669237513,625,VISl,Ntsr1-Cre_GN220,Ai148(TIT2L-GC6f-ICL-tTA2),370767,Ntsr1-Cre_GN220;Ai148-370767,[],False
511511001,275,VISpm,Rorb-IRES2-Cre,Ai93(TITL-GCaMP6f),228786,Rorb-IRES2-Cre;Camk2a-tTA;Ai93-228786,[],False
605883131,550,VISl,Ntsr1-Cre_GN220,Ai148(TIT2L-GC6f-ICL-tTA2),323982,Ntsr1-Cre_GN220;Ai148-323982,[],False
582867145,275,VISl,Sst-IRES-Cre,Ai148(TIT2L-GC6f-ICL-tTA2),300427,Sst-IRES-Cre;Ai148(CAM)-300427,[],False
564425775,175,VISl,Emx1-IRES-Cre,Ai93(TITL-GCaMP6f),283147,Emx1-IRES-Cre;Camk2a-tTA;Ai93-283147,[],False
639929073,400,VISl,Fezf2-CreER,Ai148(TIT2L-GC6f-ICL-tTA2),339839,Fezf2-CreER;Ai148-339839,[],False
595718340,375,VISrl,Rbp4-Cre_KL100,Ai93(TITL-GCaMP6f),312765,Rbp4-Cre_KL100;Camk2a-tTA;Ai93-312765,[],False
617047314,375,VISl,Sst-IRES-Cre,Ai148(TIT2L-GC6f-ICL-tTA2),327599,Sst-IRES-Cre;Ai148(CAM)-327599,[],False
560821491,325,VISpm,Nr5a1-Cre,Ai93(TITL-GCaMP6f),273904,Nr5a1-Cre;Camk2a-tTA;Ai93-273904,[],False
617388115,175,VISpm,Vip-IRES-Cre,Ai148(TIT2L-GC6f-ICL-tTA2),336246,Vip-IRES-Cre;Ai148-336246,[],False
1018027663,275,VISl,Slc17a7-IRES2-Cre,Ai93(TITL-GCaMP6f),456915,Slc17a7-IRES2-Cre;Camk2a-tTA;Ai93-456915,[],False
603576130,550,VISp,Ntsr1-Cre_GN220,Ai148(TIT2L-GC6f-ICL-tTA2),323982,Ntsr1-Cre_GN220;Ai148-323982,[],False
670396939,195,VISp,Pvalb-IRES-Cre,Ai162(TIT2L-GC6s-ICL-tTA2),369497,Pvalb-IRES-Cre;Ai162-369497,[],False
511854338,275,VISal,Cux2-CreERT2,Ai93(TITL-GCaMP6f),233215,Cux2-CreERT2;Camk2a-tTA;Ai93-233215,[],False
511510855,175,VISp,Cux2-CreERT2,Ai93(TITL-GCaMP6f),229106,Cux2-CreERT2;Camk2a-tTA;Ai93-229106,[],False
614418789,375,VISp,Sst-IRES-Cre,Ai148(TIT2L-GC6f-ICL-tTA2),332396,Sst-IRES-Cre;Ai148(CAM)-332396,[],False
566480479,325,VISl,Nr5a1-Cre,Ai93(TITL-GCaMP6f),277938,Nr5a1-Cre;Camk2a-tTA;Ai93-277938,[],False
1018027561,225,VISl,Slc17a7-IRES2-Cre,Ai93(TITL-GCaMP6f),451787,Slc17a7-IRES2-Cre;Camk2a-tTA;Ai93-451787,[],False
658854535,175,VISpm,Cux2-CreERT2,Ai93(TITL-GCaMP6f),360566,Cux2-CreERT2;Camk2a-tTA;Ai93-360566,[],False
1040782478,375,VISp,Slc17a7-IRES2-Cre,Ai93(TITL-GCaMP6f),513626,Slc17a7-IRES2-Cre;Camk2a-tTA;Ai93-513626,[],False
573720506,275,VISp,Sst-IRES-Cre,Ai148(TIT2L-GC6f-ICL-tTA2),297620,Sst-IRES-Cre;Ai148(CAM)-297620,[],False
511510675,275,VISp,Rorb-IRES2-Cre,Ai93(TITL-GCaMP6f),228786,Rorb-IRES2-Cre;Camk2a-tTA;Ai93-228786,[],False
557520762,175,VISl,Emx1-IRES-Cre,Ai93(TITL-GCaMP6f),276948,Emx1-IRES-Cre;Camk2a-tTA;Ai93-276948,[],False
558471484,175,VISl,Emx1-IRES-Cre,Ai93(TITL-GCaMP6f),276947,Emx1-IRES-Cre;Camk2a-tTA;Ai93-276947,[],False
710327593,375,VISp,Pvalb-IRES-Cre,Ai162(TIT2L-GC6s-ICL-tTA2),388801,Pvalb-IRES-Cre;Ai162-388801,[],False
555042465,300,VISal,Nr5a1-Cre,Ai93(TITL-GCaMP6f),266396,Nr5a1-Cre;Camk2a-tTA;Ai93-266396,[],False
580163815,375,VISp,Sst-IRES-Cre,Ai148(TIT2L-GC6f-ICL-tTA2),297507,Sst-IRES-Cre;Ai148(CAM)-297507,[],False
1054675423,175,VISp,Slc17a7-IRES2-Cre,Ai93(TITL-GCaMP6f),539517,Slc17a7-IRES2-Cre;Camk2a-tTA;Ai93-539517,[],False
517328083,175,VISp,Emx1-IRES-Cre,Ai93(TITL-GCaMP6f),237706,Emx1-IRES-Cre;Camk2a-tTA;Ai93-237706,['Epileptiform Events'],False
511510645,175,VISpm,Cux2-CreERT2,Ai93(TITL-GCaMP6f),225039,Cux2-CreERT2;Camk2a-tTA;Ai93-225039,[],False
716655272,275,VISpm,Cux2-CreERT2,Ai93(TITL-GCaMP6f),390323,Cux2-CreERT2;Camk2a-tTA;Ai93-390323,[],False
511510715,175,VISal,Cux2-CreERT2,Ai93(TITL-GCaMP6f),222426,Cux2-CreERT2;Camk2a-tTA;Ai93-222426,[],False
710502979,275,VISrl,Cux2-CreERT2,Ai93(TITL-GCaMP6f),389531,Cux2-CreERT2;Camk2a-tTA;Ai93-389531,[],False
536323956,175,VISp,Emx1-IRES-Cre,Ai93(TITL-GCaMP6f),252174,Emx1-IRES-Cre;Camk2a-tTA;Ai93(MG)-252174,[],False
511509529,175,VISp,Cux2-CreERT2,Ai93(TITL-GCaMP6f),222420,Cux2-CreERT2;Camk2a-tTA;Ai93-222420,[],False
676503916,375,VISl,Slc17a7-IRES2-Cre,Ai93(TITL-GCaMP6f),372079,Slc17a7-IRES2-Cre;Camk2a-tTA;Ai93-372079,[],False
603425700,550,VISp,Ntsr1-Cre_GN220,Ai148(TIT2L-GC6f-ICL-tTA2),323984,Ntsr1-Cre_GN220;Ai148-323984,[],False
511510723,275,VISal,Rorb-IRES2-Cre,Ai93(TITL-GCaMP6f),222431,Rorb-IRES2-Cre;Camk2a-tTA;Ai93-222431,[],False
869781307,175,VISp,Slc17a7-IRES2-Cre,Ai93(TITL-GCaMP6f),450471,Slc17a7-IRES2-Cre;Camk2a-tTA;Ai93-450471,[],False
999191979,275,VISp,Sst-IRES-Cre,Ai148(TIT2L-GC6f-ICL-tTA2),489056,Sst-IRES-Cre;Ai148-489056,[],False
814797528,175,VISp,Vip-IRES-Cre,Ai148(TIT2L-GC6f-ICL-tTA2),421136,Vip-IRES-Cre;Ai148-421136,[],False
560782654,350,VISrl,Nr5a1-Cre,Ai93(TITL-GCaMP6f),271729,Nr5a1-Cre;Camk2a-tTA;Ai93-271729,[],False
584944063,375,VISal,Rbp4-Cre_KL100,Ai93(TITL-GCaMP6f),301124,Rbp4-Cre_KL100;Camk2a-tTA;Ai93-301124,[],False
576714442,375,VISrl,Emx1-IRES-Cre,Ai93(TITL-GCaMP6f),296704,Emx1-IRES-Cre;Camk2a-tTA;Ai93-296704,[],False
1036303886,175,VISp,Slc17a7-IRES2-Cre,Ai93(TITL-GCaMP6f),512458,Slc17a7-IRES2-Cre;Camk2a-tTA;Ai93-512458,[],False
511510753,175,VISpm,Cux2-CreERT2,Ai93(TITL-GCaMP6f),225036,Cux2-CreERT2;Camk2a-tTA;Ai93-225036,[],False
511510955,275,VISp,Scnn1a-Tg3-Cre,Ai93(TITL-GCaMP6f),231951,Scnn1a-Tg3-Cre;Camk2a-tTA;Ai93-231951,[],False
846213087,375,VISp,Slc17a7-IRES2-Cre,Ai93(TITL-GCaMP6f),436662,Slc17a7-IRES2-Cre;Camk2a-tTA;Ai93-436662,[],False
658536326,275,VISp,Vip-IRES-Cre,Ai148(TIT2L-GC6f-ICL-tTA2),360902,Vip-IRES-Cre;Ai148-360902,[],False
672223113,275,VISp,Pvalb-IRES-Cre,Ai162(TIT2L-GC6s-ICL-tTA2),369498,Pvalb-IRES-Cre;Ai162-369498,[],False
906963896,375,VISp,Slc17a7-IRES2-Cre,Ai93(TITL-GCaMP6f),462544,Slc17a7-IRES2-Cre;Camk2a-tTA;Ai93-462544,[],False
652091262,175,VISp,Vip-IRES-Cre,Ai148(TIT2L-GC6f-ICL-tTA2),354819,Vip-IRES-Cre;Ai148-354819,[],False
574034739,175,VISrl,Emx1-IRES-Cre,Ai93(TITL-GCaMP6f),296704,Emx1-IRES-Cre;Camk2a-tTA;Ai93-296704,[],False
511507650,175,VISp,Cux2-CreERT2,Ai93(TITL-GCaMP6f),222424,Cux2-CreERT2;Camk2a-tTA;Ai93-222424,[],False
511511029,275,VISl,Rorb-IRES2-Cre,Ai93(TITL-GCaMP6f),229482,Rorb-IRES2-Cre;Camk2a-tTA;Ai93-229482,[],False
666589599,175,VISp,Slc17a7-IRES2-Cre,Ai93(TITL-GCaMP6f),365250,Slc17a7-IRES2-Cre;Camk2a-tTA;Ai93-365250,[],False
646959386,375,VISam,Rbp4-Cre_KL100,Ai93(TITL-GCaMP6f),351663,Rbp4-Cre_KL100;Camk2a-tTA;Ai93(NC)-351663,[],False
529763300,350,VISp,Nr5a1-Cre,Ai93(TITL-GCaMP6f),250605,Nr5a1-Cre;Camk2a-tTA;Ai93-250605,[],False
511510763,375,VISl,Rbp4-Cre_KL100,Ai93(TITL-GCaMP6f),234589,Rbp4-Cre;Camk2a-tTA;Ai93-234589,[],False
670721865,275,VISp,Pvalb-IRES-Cre,Ai162(TIT2L-GC6s-ICL-tTA2),369496,Pvalb-IRES-Cre;Ai162-369496,[],False
560821337,325,VISam,Nr5a1-Cre,Ai93(TITL-GCaMP6f),270341,Nr5a1-Cre;Camk2a-tTA;Ai93-270341,[],False
511507811,350,VISp,Scnn1a-Tg3-Cre,Ai93(TITL-GCaMP6f),221470,Scnn1a-Tg3-Cre;Camk2a-tTA;Ai93-221470,[],False
592655325,350,VISp,Nr5a1-Cre,Ai93(TITL-GCaMP6f),309689,Nr5a1-Cre;Camk2a-tTA;Ai93(CAM)-309689,[],False
703308069,375,VISpm,Slc17a7-IRES2-Cre,Ai93(TITL-GCaMP6f),385254,Slc17a7-IRES2-Cre;Camk2a-tTA;Ai93-385254,[],False
658854759,275,VISl,Slc17a7-IRES2-Cre,Ai93(TITL-GCaMP6f),356797,Slc17a7-IRES2-Cre;Camk2a-tTA;Ai93-356797,[],False
547315012,175,VISl,Emx1-IRES-Cre,Ai93(TITL-GCaMP6f),260936,Emx1-IRES-Cre;Camk2a-tTA;Ai93-260936,[],False
564791582,320,VISam,Nr5a1-Cre,Ai93(TITL-GCaMP6f),277938,Nr5a1-Cre;Camk2a-tTA;Ai93-277938,[],False
550127305,275,VISam,Rorb-IRES2-Cre,Ai93(TITL-GCaMP6f),265164,Rorb-IRES2-Cre;Camk2a-tTA;Ai93-265164,[],False
662361094,275,VISp,Vip-IRES-Cre,Ai148(TIT2L-GC6f-ICL-tTA2),362734,Vip-IRES-Cre;Ai148-362734,[],False
593438035,275,VISrl,Emx1-IRES-Cre,Ai93(TITL-GCaMP6f),314300,Emx1-IRES-Cre;Camk2a-tTA;Ai93-314300,[],False
846215539,375,VISp,Slc17a7-IRES2-Cre,Ai93(TITL-GCaMP6f),445002,Slc17a7-IRES2-Cre;Camk2a-tTA;Ai93-445002,[],False
593270600,275,VISrl,Emx1-IRES-Cre,Ai93(TITL-GCaMP6f),309152,Emx1-IRES-Cre;Camk2a-tTA;Ai93-309152,[],False
679700455,275,VISpm,Slc17a7-IRES2-Cre,Ai93(TITL-GCaMP6f),372079,Slc17a7-IRES2-Cre;Camk2a-tTA;Ai93-372079,[],False
617381603,375,VISp,Tlx3-Cre_PL56,Ai148(TIT2L-GC6f-ICL-tTA2),336824,Tlx3-Cre_PL56;Ai148(CAM)-336824,[],False
653551963,175,VISl,Slc17a7-IRES2-Cre,Ai93(TITL-GCaMP6f),355536,Slc17a7-IRES2-Cre;Camk2a-tTA;Ai93-355536,[],False
702934962,275,VISp,Cux2-CreERT2,Ai93(TITL-GCaMP6f),382421,Cux2-CreERT2;Camk2a-tTA;Ai93-382421,[],False
680156909,175,VISp,Slc17a7-IRES2-Cre,Ai94(TITL-GCaMP6s),377111,Slc17a7-IRES2-Cre;Camk2a-tTA;Ai94-377111,[],False
511510994,175,VISl,Cux2-CreERT2,Ai93(TITL-GCaMP6f),228379,Cux2-CreERT2;Camk2a-tTA;Ai93-228379,[],False
560578597,350,VISl,Nr5a1-Cre,Ai93(TITL-GCaMP6f),277933,Nr5a1-Cre;Camk2a-tTA;Ai93-277933,[],False
511510867,275,VISal,Cux2-CreERT2,Ai93(TITL-GCaMP6f),228379,Cux2-CreERT2;Camk2a-tTA;Ai93-228379,[],False
599112785,375,VISpm,Rbp4-Cre_KL100,Ai93(TITL-GCaMP6f),315298,Rbp4-Cre_KL100;Camk2a-tTA;Ai93-315298,[],False
1022731544,225,VISl,Vip-IRES-Cre,Ai148(TIT2L-GC6f-ICL-tTA2),453991,Vip-IRES-Cre;Ai148-453991,[],False
554037268,350,VISpm,Nr5a1-Cre,Ai93(TITL-GCaMP6f),270341,Nr5a1-Cre;Camk2a-tTA;Ai93-270341,[],False
627823721,175,VISam,Slc17a7-IRES2-Cre,Ai93(TITL-GCaMP6f),340467,Slc17a7-IRES2-Cre;Camk2a-tTA;Ai93-340467,[],False
559645337,350,VISam,Nr5a1-Cre,Ai93(TITL-GCaMP6f),279437,Nr5a1-Cre;Camk2a-tTA;Ai93-279437,[],False
649401934,375,VISp,Rbp4-Cre_KL100,Ai93(TITL-GCaMP6f),352161,Rbp4-Cre_KL100;Camk2a-tTA;Ai93-352161,[],False
535575493,275,VISp,Scnn1a-Tg3-Cre,Ai93(TITL-GCaMP6f),250789,Scnn1a-Tg3-Cre;Camk2a-tTA;Ai93-250789,[],False
645413757,275,VISp,Cux2-CreERT2,Ai93(TITL-GCaMP6f),348262,Cux2-CreERT2;Camk2a-tTA;Ai93-348262,[],False
1058209392,375,VISp,Slc17a7-IRES2-Cre,Ai93(TITL-GCaMP6f),539518,Slc17a7-IRES2-Cre;Camk2a-tTA;Ai93-539518,[],False
511510998,175,VISal,Cux2-CreERT2,Ai93(TITL-GCaMP6f),229105,Cux2-CreERT2;Camk2a-tTA;Ai93-229105,['Epileptiform Events'],False
661732156,175,VISp,Slc17a7-IRES2-Cre,Ai93(TITL-GCaMP6f),365255,Slc17a7-IRES2-Cre;Camk2a-tTA;Ai93-365255,[],False
659767480,275,VISp,Cux2-CreERT2,Ai93(TITL-GCaMP6f),360565,Cux2-CreERT2;Camk2a-tTA;Ai93-360565,[],False
642278280,375,VISam,Rbp4-Cre_KL100,Ai93(TITL-GCaMP6f),344122,Rbp4-Cre_KL100;Camk2a-tTA;Ai93-344122,[],False
1018027654,375,VISp,Slc17a7-IRES2-Cre,Ai93(TITL-GCaMP6f),456915,Slc17a7-IRES2-Cre;Camk2a-tTA;Ai93-456915,[],False
511510650,175,VISp,Cux2-CreERT2,Ai93(TITL-GCaMP6f),222425,Cux2-CreERT2;Camk2a-tTA;Ai93-222425,[],False
686441797,275,VISpm,Rorb-IRES2-Cre,Ai93(TITL-GCaMP6f),377151,Rorb-IRES2-Cre;Camk2a-tTA;Ai93-377151,[],False
604529228,550,VISpm,Ntsr1-Cre_GN220,Ai148(TIT2L-GC6f-ICL-tTA2),323982,Ntsr1-Cre_GN220;Ai148-323982,[],False
662219850,375,VISl,Slc17a7-IRES2-Cre,Ai93(TITL-GCaMP6f),361635,Slc17a7-IRES2-Cre;Camk2a-tTA;Ai93-361635,[],False
876461613,175,VISp,Slc17a7-IRES2-Cre,Ai93(TITL-GCaMP6f),453913,Slc17a7-IRES2-Cre;Camk2a-tTA;Ai93-453913,[],False
699155263,275,VISl,Cux2-CreERT2,Ai93(TITL-GCaMP6f),382421,Cux2-CreERT2;Camk2a-tTA;Ai93-382421,[],False
673475018,275,VISl,Pvalb-IRES-Cre,Ai162(TIT2L-GC6s-ICL-tTA2),369496,Pvalb-IRES-Cre;Ai162-369496,[],False
637998953,400,VISp,Fezf2-CreER,Ai148(TIT2L-GC6f-ICL-tTA2),339839,Fezf2-CreER;Ai148-339839,[],False
650389885,175,VISp,Slc17a7-IRES2-Cre,Ai93(TITL-GCaMP6f),355468,Slc17a7-IRES2-Cre;Camk2a-tTA;Ai93-355468,[],False
569645688,175,VISrl,Cux2-CreERT2,Ai93(TITL-GCaMP6f),283284,Cux2-CreERT2;Camk2a-tTA;Ai93-283284,[],False
685816004,350,VISal,Nr5a1-Cre,Ai93(TITL-GCaMP6f),378302,Nr5a1-Cre;Camk2a-tTA;Ai93-378302,[],False
660510591,275,VISrl,Cux2-CreERT2,Ai93(TITL-GCaMP6f),360566,Cux2-CreERT2;Camk2a-tTA;Ai93-360566,[],False
586351979,275,VISp,Rorb-IRES2-Cre,Ai93(TITL-GCaMP6f),304756,Rorb-IRES2-Cre;Camk2a-tTA;Ai93-304756,[],False
1018028345,225,VISp,Sst-IRES-Cre,Ai148(TIT2L-GC6f-ICL-tTA2),457841,Sst-IRES-Cre;Ai148-457841,[],False
580095653,275,VISl,Sst-IRES-Cre,Ai148(TIT2L-GC6f-ICL-tTA2),296891,Sst-IRES-Cre;Ai148(CAM)-296891,[],False
601871316,175,VISl,Vip-IRES-Cre,Ai148(TIT2L-GC6f-ICL-tTA2),317098,Vip-IRES-Cre;Ai148-317098,[],False
843049827,375,VISp,Slc17a7-IRES2-Cre,Ai93(TITL-GCaMP6f),440298,Slc17a7-IRES2-Cre;Camk2a-tTA;Ai93-440298,[],False
647155120,275,VISp,Slc17a7-IRES2-Cre,Ai93(TITL-GCaMP6f),347751,Slc17a7-IRES2-Cre;Camk2a-tTA;Ai93-347751,[],False
588191924,375,VISrl,Rbp4-Cre_KL100,Ai93(TITL-GCaMP6f),301125,Rbp4-Cre_KL100;Camk2a-tTA;Ai93-301125,[],False
670721587,375,VISpm,Slc17a7-IRES2-Cre,Ai93(TITL-GCaMP6f),366424,Slc17a7-IRES2-Cre;Camk2a-tTA;Ai93-366424,[],False
1018028408,225,VISl,Vip-IRES-Cre,Ai148(TIT2L-GC6f-ICL-tTA2),453989,Vip-IRES-Cre;Ai148-453989,[],False
673477065,275,VISl,Pvalb-IRES-Cre,Ai162(TIT2L-GC6s-ICL-tTA2),369495,Pvalb-IRES-Cre;Ai162-369495,[],False
845588020,375,VISp,Slc17a7-IRES2-Cre,Ai93(TITL-GCaMP6f),445270,Slc17a7-IRES2-Cre;Camk2a-tTA;Ai93-445270,[],False
569611977,275,VISpm,Rorb-IRES2-Cre,Ai93(TITL-GCaMP6f),284417,Rorb-IRES2-Cre;Camk2a-tTA;Ai93-284417,[],False
583136565,175,VISl,Emx1-IRES-Cre,Ai93(TITL-GCaMP6f),301048,Emx1-IRES-Cre;Camk2a-tTA;Ai93-301048,[],False
586452279,275,VISpm,Rorb-IRES2-Cre,Ai93(TITL-GCaMP6f),305469,Rorb-IRES2-Cre;Camk2a-tTA;Ai93-305469,[],False
685816034,175,VISpm,Vip-IRES-Cre,Ai148(TIT2L-GC6f-ICL-tTA2),379348,Vip-IRES-Cre;Ai148-379348,[],False
511510870,275,VISl,Cux2-CreERT2,Ai93(TITL-GCaMP6f),231585,Cux2-CreERT2;Camk2a-tTA;Ai93-231585,[],False
978206330,275,VISp,Sst-IRES-Cre,Ai148(TIT2L-GC6f-ICL-tTA2),480753,Sst-IRES-Cre;Ai148-480753,[],False
652736297,275,VISl,Slc17a7-IRES2-Cre,Ai93(TITL-GCaMP6f),355467,Slc17a7-IRES2-Cre;Camk2a-tTA;Ai93-355467,[],False
712178509,275,VISp,Cux2-CreERT2,Ai93(TITL-GCaMP6f),390323,Cux2-CreERT2;Camk2a-tTA;Ai93-390323,[],False
638262555,350,VISam,Nr5a1-Cre,Ai93(TITL-GCaMP6f),337438,Nr5a1-Cre;Camk2a-tTA;Ai93-337438,[],False
803516615,175,VISp,Slc17a7-IRES2-Cre,Ai94(TITL-GCaMP6s),423606,Slc17a7-IRES2-Cre;Camk2a-tTA;Ai94-423606,[],False
583787531,375,VISl,Sst-IRES-Cre,Ai148(TIT2L-GC6f-ICL-tTA2),300427,Sst-IRES-Cre;Ai148(CAM)-300427,[],False
669876048,275,VISp,Pvalb-IRES-Cre,Ai162(TIT2L-GC6s-ICL-tTA2),373760,Pvalb-IRES-Cre;Ai162-373760,[],False
1022731531,225,VISp,Vip-IRES-Cre,Ai148(TIT2L-GC6f-ICL-tTA2),453991,Vip-IRES-Cre;Ai148-453991,[],False
570278595,350,VISp,Nr5a1-Cre,Ai93(TITL-GCaMP6f),286360,Nr5a1-Cre;Camk2a-tTA;Ai93-286360,[],False
863992815,175,VISp,Slc17a7-IRES2-Cre,Ai94(TITL-GCaMP6s),448900,Slc17a7-IRES2-Cre;Camk2a-tTA;Ai94-448900,[],False
597028936,375,VISl,Sst-IRES-Cre,Ai148(TIT2L-GC6f-ICL-tTA2),315123,Sst-IRES-Cre;Ai148(CAM)-315123,[],False
610222464,375,VISl,Slc17a7-IRES2-Cre,Ai93(TITL-GCaMP6f),324180,Slc17a7-IRES2-Cre;Camk2a-tTA;Ai93-324180,[],False
569251675,275,VISam,Rorb-IRES2-Cre,Ai93(TITL-GCaMP6f),284417,Rorb-IRES2-Cre;Camk2a-tTA;Ai93-284417,[],False
930022332,175,VISp,Slc17a7-IRES2-Cre,Ai93(TITL-GCaMP6f),459777,Slc17a7-IRES2-Cre;Camk2a-tTA;Ai93-459777,[],False
560753319,175,VISal,Emx1-IRES-Cre,Ai93(TITL-GCaMP6f),280639,Emx1-IRES-Cre;Camk2a-tTA;Ai93-280639,[],False
653126875,175,VISpm,Slc17a7-IRES2-Cre,Ai93(TITL-GCaMP6f),355474,Slc17a7-IRES2-Cre;Camk2a-tTA;Ai93-355474,[],False
590168381,275,VISp,Rorb-IRES2-Cre,Ai93(TITL-GCaMP6f),305467,Rorb-IRES2-Cre;Camk2a-tTA;Ai93-305467,[],False
686449090,175,VISl,Vip-IRES-Cre,Ai148(TIT2L-GC6f-ICL-tTA2),379345,Vip-IRES-Cre;Ai148-379345,[],False
570428250,350,VISrl,Nr5a1-Cre,Ai93(TITL-GCaMP6f),286366,Nr5a1-Cre;Camk2a-tTA;Ai93-286366,[],False
601805377,375,VISl,Sst-IRES-Cre,Ai148(TIT2L-GC6f-ICL-tTA2),316777,Sst-IRES-Cre;Ai148(CAM)-316777,[],False
554219902,350,VISl,Nr5a1-Cre,Ai93(TITL-GCaMP6f),271729,Nr5a1-Cre;Camk2a-tTA;Ai93-271729,[],False
1018027837,195,VISl,Slc17a7-IRES2-Cre,Ai93(TITL-GCaMP6f),484627,Slc17a7-IRES2-Cre;Camk2a-tTA;Ai93-484627,[],False
627823571,375,VISp,Tlx3-Cre_PL56,Ai148(TIT2L-GC6f-ICL-tTA2),337458,Tlx3-Cre_PL56;Ai148-337458,[],False
1046279796,175,VISp,Slc17a7-IRES2-Cre,Ai93(TITL-GCaMP6f),533162,Slc17a7-IRES2-Cre;Camk2a-tTA;Ai93-533162,[],False
612536909,175,VISrl,Slc17a7-IRES2-Cre,Ai93(TITL-GCaMP6f),325932,Slc17a7-IRES2-Cre;Camk2a-tTA;Ai93-325932,[],False
660491622,275,VISrl,Sst-IRES-Cre,Ai148(TIT2L-GC6f-ICL-tTA2),332396,Sst-IRES-Cre;Ai148(CAM)-332396,[],False
812858755,175,VISp,Slc17a7-IRES2-Cre,Ai93(TITL-GCaMP6f),431023,Slc17a7-IRES2-Cre;Camk2a-tTA;Ai93-431023,[],False
825183217,175,VISp,Vip-IRES-Cre,Ai148(TIT2L-GC6f-ICL-tTA2),429952,Vip-IRES-Cre;Ai148-429952,[],False
566759225,275,VISam,Cux2-CreERT2,Ai93(TITL-GCaMP6f),283284,Cux2-CreERT2;Camk2a-tTA;Ai93-283284,[],False
511510797,175,VISal,Cux2-CreERT2,Ai93(TITL-GCaMP6f),225036,Cux2-CreERT2;Camk2a-tTA;Ai93-225036,[],False
1018028172,225,VISp,Vip-IRES-Cre,Ai148(TIT2L-GC6f-ICL-tTA2),453990,Vip-IRES-Cre;Ai148-453990,[],False
511510836,275,VISpm,Cux2-CreERT2,Ai93(TITL-GCaMP6f),229109,Cux2-CreERT2;Camk2a-tTA;Ai93-229109,[],False
1018027865,225,VISl,Vip-IRES-Cre,Ai148(TIT2L-GC6f-ICL-tTA2),438912,Vip-IRES-Cre;Ai148-438912,[],False
644013840,275,VISl,Slc17a7-IRES2-Cre,Ai93(TITL-GCaMP6f),347748,Slc17a7-IRES2-Cre;Camk2a-tTA;Ai93-347748,[],False
648377366,375,VISp,Tlx3-Cre_PL56,Ai148(TIT2L-GC6f-ICL-tTA2),352889,Tlx3-Cre_PL56;Ai148-352889,[],False
557986062,335,VISpm,Nr5a1-Cre,Ai93(TITL-GCaMP6f),271727,Nr5a1-Cre;Camk2a-tTA;Ai93-271727,[],False
571541563,175,VISrl,Cux2-CreERT2,Ai93(TITL-GCaMP6f),283278,Cux2-CreERT2;Camk2a-tTA;Ai93-283278,[],False
627823692,550,VISp,Ntsr1-Cre_GN220,Ai148(TIT2L-GC6f-ICL-tTA2),339814,Ntsr1-Cre_GN220;Ai148-339814,[],False
565039910,375,VISpm,Emx1-IRES-Cre,Ai93(TITL-GCaMP6f),276949,Emx1-IRES-Cre;Camk2a-tTA;Ai93-276949,[],False
558476280,350,VISl,Nr5a1-Cre,Ai93(TITL-GCaMP6f),271727,Nr5a1-Cre;Camk2a-tTA;Ai93-271727,[],False
601259497,275,VISp,Sst-IRES-Cre,Ai148(TIT2L-GC6f-ICL-tTA2),315122,Sst-IRES-Cre;Ai148(CAM)-315122,[],False
657078117,175,VISp,Vip-IRES-Cre,Ai148(TIT2L-GC6f-ICL-tTA2),357433,Vip-IRES-Cre;Ai148-357433,[],False
969421516,175,VISp,Vip-IRES-Cre,Ai148(TIT2L-GC6f-ICL-tTA2),467954,Vip-IRES-Cre;Ai148-467954,[],False
511510667,275,VISp,Cux2-CreERT2,Ai93(TITL-GCaMP6f),222420,Cux2-CreERT2;Camk2a-tTA;Ai93-222420,[],False
647598517,175,VISpm,Vip-IRES-Cre,Ai148(TIT2L-GC6f-ICL-tTA2),351413,Vip-IRES-Cre;Ai148-351413,[],False
676024664,275,VISl,Pvalb-IRES-Cre,Ai162(TIT2L-GC6s-ICL-tTA2),369497,Pvalb-IRES-Cre;Ai162-369497,[],False
577720109,375,VISam,Rbp4-Cre_KL100,Ai93(TITL-GCaMP6f),292490,Rbp4-Cre_KL100;Camk2a-tTA;Ai93-292490,[],False
638870774,275,VISpm,Sst-IRES-Cre,Ai148(TIT2L-GC6f-ICL-tTA2),340849,Sst-IRES-Cre;Ai148-340849,[],False
511510627,275,VISl,Rorb-IRES2-Cre,Ai93(TITL-GCaMP6f),222431,Rorb-IRES2-Cre;Camk2a-tTA;Ai93-222431,[],False
529487170,275,VISl,Cux2-CreERT2,Ai93(TITL-GCaMP6f),244898,Cux2-CreERT2;Camk2a-tTA;Ai93-244898,[],False
598584901,375,VISpm,Sst-IRES-Cre,Ai148(TIT2L-GC6f-ICL-tTA2),315118,Sst-IRES-Cre;Ai148(CAM)-315118,[],False
575302106,375,VISam,Rbp4-Cre_KL100,Ai93(TITL-GCaMP6f),291465,Rbp4-Cre_KL100;Camk2a-tTA;Ai93-291465,[],False
511510848,275,VISl,Cux2-CreERT2,Ai93(TITL-GCaMP6f),229109,Cux2-CreERT2;Camk2a-tTA;Ai93-229109,[],False
701048110,175,VISam,Cux2-CreERT2,Ai93(TITL-GCaMP6f),382421,Cux2-CreERT2;Camk2a-tTA;Ai93-382421,[],False
669239850,625,VISpm,Ntsr1-Cre_GN220,Ai148(TIT2L-GC6f-ICL-tTA2),370773,Ntsr1-Cre_GN220;Ai148-370773,[],False
686449283,185,VISp,Pvalb-IRES-Cre,Ai162(TIT2L-GC6s-ICL-tTA2),379518,Pvalb-IRES-Cre;Ai162-379518,[],False
582621871,375,VISp,Sst-IRES-Cre,Ai148(TIT2L-GC6f-ICL-tTA2),296462,Sst-IRES-Cre;Ai148(CAM)-296462,[],False
575892535,275,VISrl,Emx1-IRES-Cre,Ai93(TITL-GCaMP6f),296702,Emx1-IRES-Cre;Camk2a-tTA;Ai93-296702,[],False
686031104,275,VISl,Sst-IRES-Cre,Ai148(TIT2L-GC6f-ICL-tTA2),377321,Sst-IRES-Cre;Ai148-377321,[],False
572376866,375,VISal,Rbp4-Cre_KL100,Ai93(TITL-GCaMP6f),291865,Rbp4-Cre_KL100;Camk2a-tTA;Ai93-291865,[],False
540168835,375,VISp,Emx1-IRES-Cre,Ai93(TITL-GCaMP6f),261458,Emx1-IRES-Cre;Camk2a-tTA;Ai93-261458,[],False
1018028370,225,VISp,Vip-IRES-Cre,Ai148(TIT2L-GC6f-ICL-tTA2),435431,Vip-IRES-Cre;Ai148-435431,[],False
569396922,275,VISal,Rorb-IRES2-Cre,Ai93(TITL-GCaMP6f),284418,Rorb-IRES2-Cre;Camk2a-tTA;Ai93-284418,[],False
593337825,275,VISl,Sst-IRES-Cre,Ai148(TIT2L-GC6f-ICL-tTA2),306506,Sst-IRES-Cre;Ai148(CAM)-306506,[],False
569287964,175,VISam,Cux2-CreERT2,Ai93(TITL-GCaMP6f),282820,Cux2-CreERT2;Camk2a-tTA;Ai93-282820,[],False
561472631,275,VISal,Emx1-IRES-Cre,Ai93(TITL-GCaMP6f),280639,Emx1-IRES-Cre;Camk2a-tTA;Ai93-280639,[],False
577379200,375,VISp,Sst-IRES-Cre,Ai148(TIT2L-GC6f-ICL-tTA2),296891,Sst-IRES-Cre;Ai148(CAM)-296891,[],False
551888517,275,VISpm,Rorb-IRES2-Cre,Ai93(TITL-GCaMP6f),268133,Rorb-IRES2-Cre;Camk2a-tTA;Ai93-268133,[],False
524691282,275,VISp,Cux2-CreERT2,Ai93(TITL-GCaMP6f),243293,Cux2-CreERT2;Camk2a-tTA;Ai93-243293,[],False
546724786,350,VISp,Scnn1a-Tg3-Cre,Ai93(TITL-GCaMP6f),262562,Scnn1a-Tg3-Cre;Camk2a-tTA;Ai93-262562,[],False
939523510,175,VISp,Slc17a7-IRES2-Cre,Ai94(TITL-GCaMP6s),457766,Slc17a7-IRES2-Cre;Camk2a-tTA;Ai94-457766,[],False
688678764,205,VISp,Slc17a7-IRES2-Cre,Ai94(TITL-GCaMP6s),371307,Slc17a7-IRES2-Cre;Camk2a-tTA;Ai94-371307,[],False
657391623,375,VISl,Tlx3-Cre_PL56,Ai148(TIT2L-GC6f-ICL-tTA2),357093,Tlx3-Cre_PL56;Ai148-357093,[],False
876693136,175,VISp,Slc17a7-IRES2-Cre,Ai94(TITL-GCaMP6s),442709,Slc17a7-IRES2-Cre;Camk2a-tTA;Ai94-442709,[],False
511510710,375,VISal,Rbp4-Cre_KL100,Ai93(TITL-GCaMP6f),226219,Rbp4-Cre;Camk2a-tTA;Ai93-226219,[],False
538803515,350,VISp,Nr5a1-Cre,Ai93(TITL-GCaMP6f),257786,Nr5a1-Cre;Camk2a-tTA;Ai93-257786,[],False
698260530,175,VISrl,Cux2-CreERT2,Ai93(TITL-GCaMP6f),382423,Cux2-CreERT2;Camk2a-tTA;Ai93-382423,[],False
576411244,275,VISam,Rorb-IRES2-Cre,Ai93(TITL-GCaMP6f),295995,Rorb-IRES2-Cre;Camk2a-tTA;Ai93-295995,[],False
671164925,275,VISl,Pvalb-IRES-Cre,Ai162(TIT2L-GC6s-ICL-tTA2),373760,Pvalb-IRES-Cre;Ai162-373760,[],False
575766605,275,VISpm,Emx1-IRES-Cre,Ai93(TITL-GCaMP6f)-hyg,296708,Emx1-IRES-Cre;Camk2a-tTA;Ai93-hyg-296708,[],False
1051327176,175,VISp,Vip-IRES-Cre,Ai148(TIT2L-GC6f-ICL-tTA2),523927,Vip-IRES-Cre;Ai148-523927,[],False
584829664,275,VISp,Vip-IRES-Cre,Ai148(TIT2L-GC6f-ICL-tTA2),300657,Vip-IRES-Cre;Ai148-300657,[],False
702956471,275,VISl,Slc17a7-IRES2-Cre,Ai93(TITL-GCaMP6f),384940,Slc17a7-IRES2-Cre;Camk2a-tTA;Ai93-384940,[],False
551412603,275,VISam,Rorb-IRES2-Cre,Ai93(TITL-GCaMP6f),265161,Rorb-IRES2-Cre;Camk2a-tTA;Ai93-265161,[],False
658536109,275,VISp,Slc17a7-IRES2-Cre,Ai93(TITL-GCaMP6f),361636,Slc17a7-IRES2-Cre;Camk2a-tTA;Ai93-361636,[],False
598635819,275,VISp,Sst-IRES-Cre,Ai148(TIT2L-GC6f-ICL-tTA2),315559,Sst-IRES-Cre;Ai148(CAM)-315559,[],False
658020689,175,VISpm,Vip-IRES-Cre,Ai148(TIT2L-GC6f-ICL-tTA2),360906,Vip-IRES-Cre;Ai148-360906,[],False
657016265,375,VISp,Tlx3-Cre_PL56,Ai148(TIT2L-GC6f-ICL-tTA2),357093,Tlx3-Cre_PL56;Ai148-357093,[],False
991913064,175,VISp,Slc17a7-IRES2-Cre,Ai93(TITL-GCaMP6f),491060,Slc17a7-IRES2-Cre;Camk2a-tTA;Ai93-491060,[],False
1000740620,175,VISp,Vip-IRES-Cre,Ai148(TIT2L-GC6f-ICL-tTA2),492395,Vip-IRES-Cre;Ai148-492395,[],False
1018027611,225,VISl,Vip-IRES-Cre,Ai148(TIT2L-GC6f-ICL-tTA2),449653,Vip-IRES-Cre;Ai148-449653,[],False
614571624,175,VISl,Vip-IRES-Cre,Ai148(TIT2L-GC6f-ICL-tTA2),336243,Vip-IRES-Cre;Ai148-336243,[],False
573864648,175,VISrl,Emx1-IRES-Cre,Ai93(TITL-GCaMP6f),296702,Emx1-IRES-Cre;Camk2a-tTA;Ai93-296702,[],False
570994450,175,VISam,Cux2-CreERT2,Ai93(TITL-GCaMP6f),283278,Cux2-CreERT2;Camk2a-tTA;Ai93-283278,[],False
791352433,175,VISp,Vip-IRES-Cre,Ai148(TIT2L-GC6f-ICL-tTA2),412036,Vip-IRES-Cre;Ai148-412036,[],False
652092674,275,VISl,Vip-IRES-Cre,Ai148(TIT2L-GC6f-ICL-tTA2),350249,Vip-IRES-Cre;Ai148-350249,[],False
708949511,275,VISam,Cux2-CreERT2,Ai93(TITL-GCaMP6f),382423,Cux2-CreERT2;Camk2a-tTA;Ai93-382423,[],False
511510695,175,VISal,Cux2-CreERT2,Ai93(TITL-GCaMP6f),222425,Cux2-CreERT2;Camk2a-tTA;Ai93-222425,[],False
680150731,375,VISp,Pvalb-IRES-Cre,Ai162(TIT2L-GC6s-ICL-tTA2),373762,Pvalb-IRES-Cre;Ai162-373762,[],False
666271537,550,VISl,Ntsr1-Cre_GN220,Ai148(TIT2L-GC6f-ICL-tTA2),370771,Ntsr1-Cre_GN220;Ai148-370771,[],False
606802465,175,VISl,Vip-IRES-Cre,Ai148(TIT2L-GC6f-ICL-tTA2),326489,Vip-IRES-Cre;Ai148-326489,[],False
657014785,275,VISpm,Slc17a7-IRES2-Cre,Ai93(TITL-GCaMP6f),356797,Slc17a7-IRES2-Cre;Camk2a-tTA;Ai93-356797,[],False
639251930,375,VISpm,Sst-IRES-Cre,Ai148(TIT2L-GC6f-ICL-tTA2),340854,Sst-IRES-Cre;Ai148-340854,[],False
562536151,375,VISal,Emx1-IRES-Cre,Ai93(TITL-GCaMP6f),280639,Emx1-IRES-Cre;Camk2a-tTA;Ai93-280639,[],False
601790879,375,VISl,Rbp4-Cre_KL100,Ai93(TITL-GCaMP6f),312763,Rbp4-Cre_KL100;Camk2a-tTA;Ai93-312763,[],False
572606380,375,VISl,Rbp4-Cre_KL100,Ai93(TITL-GCaMP6f),291462,Rbp4-Cre_KL100;Camk2a-tTa;Ai93-291462,[],False
511511052,275,VISal,Cux2-CreERT2,Ai93(TITL-GCaMP6f),228378,Cux2-CreERT2;Camk2a-tTA;Ai93-228378,[],False
911248946,375,VISp,Slc17a7-IRES2-Cre,Ai93(TITL-GCaMP6f),464204,Slc17a7-IRES2-Cre;Camk2a-tTA;Ai93-464204,[],False
1052096570,225,VISl,Vip-IRES-Cre,Ai148(TIT2L-GC6f-ICL-tTA2),528097,Vip-IRES-Cre;Ai148-528097,[],False
895259496,175,VISp,Slc17a7-IRES2-Cre,Ai93(TITL-GCaMP6f),461946,Slc17a7-IRES2-Cre;Camk2a-tTA;Ai93-461946,[],False
647595663,175,VISl,Cux2-CreERT2,Ai93(TITL-GCaMP6f),348262,Cux2-CreERT2;Camk2a-tTA;Ai93-348262,[],False
511510917,175,VISl,Cux2-CreERT2,Ai93(TITL-GCaMP6f),229107,Cux2-CreERT2;Camk2a-tTA;Ai93-229107,[],False
902748650,375,VISp,Slc17a7-IRES2-Cre,Ai93(TITL-GCaMP6f),456917,Slc17a7-IRES2-Cre;Camk2a-tTA;Ai93-456917,[],False
829561794,375,VISp,Slc17a7-IRES2-Cre,Ai93(TITL-GCaMP6f),431252,Slc17a7-IRES2-Cre;Camk2a-tTA;Ai93-431252,[],False
595273801,375,VISam,Rbp4-Cre_KL100,Ai93(TITL-GCaMP6f),309841,Rbp4-Cre_KL100;Camk2a-tTA;Ai93-309841,[],False
603519606,275,VISpm,Rorb-IRES2-Cre,Ai93(TITL-GCaMP6f),323538,Rorb-IRES2-Cre;Camk2a-tTA;Ai93-323538,[],False
662351162,175,VISrl,Cux2-CreERT2,Ai93(TITL-GCaMP6f),360566,Cux2-CreERT2;Camk2a-tTA;Ai93-360566,[],False
511510860,275,VISal,Rorb-IRES2-Cre,Ai93(TITL-GCaMP6f),228786,Rorb-IRES2-Cre;Camk2a-tTA;Ai93-228786,[],False
555700037,175,VISal,Cux2-CreERT2,Ai93(TITL-GCaMP6f),273576,Cux2-CreERT2;Camk2a-tTA;Ai93-273576,[],False
650389951,175,VISpm,Slc17a7-IRES2-Cre,Ai93(TITL-GCaMP6f),354499,Slc17a7-IRES2-Cre;Camk2a-tTA;Ai93-354499,[],False
650390040,275,VISl,Vip-IRES-Cre,Ai148(TIT2L-GC6f-ICL-tTA2),350509,Vip-IRES-Cre;Ai148-350509,[],False
657775945,175,VISp,Vip-IRES-Cre,Ai148(TIT2L-GC6f-ICL-tTA2),355670,Vip-IRES-Cre;Ai148-355670,[],False
989461845,275,VISp,Sst-IRES-Cre,Ai148(TIT2L-GC6f-ICL-tTA2),485688,Sst-IRES-Cre;Ai148-485688,[],False
582925971,350,VISp,Sst-IRES-Cre,Ai148(TIT2L-GC6f-ICL-tTA2),297504,Sst-IRES-Cre;Ai148(CAM)-297504,[],False
957361481,375,VISp,Slc17a7-IRES2-Cre,Ai93(TITL-GCaMP6f),479458,Slc17a7-IRES2-Cre;Camk2a-tTA;Ai93-479458,[],False
556936291,275,VISal,Cux2-CreERT2,Ai93(TITL-GCaMP6f),273576,Cux2-CreERT2;Camk2a-tTA;Ai93-273576,[],False
637115672,375,VISp,Rbp4-Cre_KL100,Ai93(TITL-GCaMP6f),335039,Rbp4-Cre_KL100;Camk2a-tTA;Ai93-335039,[],False
637113170,350,VISal,Nr5a1-Cre,Ai93(TITL-GCaMP6f),337438,Nr5a1-Cre;Camk2a-tTA;Ai93-337438,[],False
676503586,275,VISp,Pvalb-IRES-Cre,Ai162(TIT2L-GC6s-ICL-tTA2),373762,Pvalb-IRES-Cre;Ai162-373762,[],False
616886391,400,VISp,Fezf2-CreER,Ai148(TIT2L-GC6f-ICL-tTA2),335660,Fezf2-CreER;Ai148(CAM)-335660,[],False
596557967,275,VISpm,Sst-IRES-Cre,Ai148(TIT2L-GC6f-ICL-tTA2),315118,Sst-IRES-Cre;Ai148(CAM)-315118,[],False
582804903,375,VISp,Sst-IRES-Cre,Ai148(TIT2L-GC6f-ICL-tTA2),297135,Sst-IRES-Cre;Ai148(CAM)-297135,[],False
593508592,175,VISrl,Emx1-IRES-Cre,Ai93(TITL-GCaMP6f),311728,Emx1-IRES-Cre;Camk2a-tTA;Ai93-311728,[],False
673914979,275,VISp,Pvalb-IRES-Cre,Ai162(TIT2L-GC6s-ICL-tTA2),369497,Pvalb-IRES-Cre;Ai162-369497,[],False
603425657,275,VISpm,Sst-IRES-Cre,Ai148(TIT2L-GC6f-ICL-tTA2),323528,Sst-IRES-Cre;Ai148(CAM)-323528,[],False
511510658,375,VISpm,Rbp4-Cre_KL100,Ai93(TITL-GCaMP6f),226219,Rbp4-Cre;Camk2a-tTA;Ai93-226219,[],False
674679297,200,VISp,Pvalb-IRES-Cre,Ai162(TIT2L-GC6s-ICL-tTA2),373762,Pvalb-IRES-Cre;Ai162-373762,[],False
712178481,275,VISp,Pvalb-IRES-Cre,Ai162(TIT2L-GC6s-ICL-tTA2),388804,Pvalb-IRES-Cre;Ai162-388804,[],False
549855418,350,VISpm,Nr5a1-Cre,Ai93(TITL-GCaMP6f),261969,Nr5a1-Cre;Camk2a-tTA;Ai93-261969,[],False
511856567,275,VISal,Cux2-CreERT2,Ai93(TITL-GCaMP6f),231585,Cux2-CreERT2;Camk2a-tTA;Ai93-231585,[],False
667772494,175,VISp,Pvalb-IRES-Cre,Ai162(TIT2L-GC6s-ICL-tTA2),369498,Pvalb-IRES-Cre;Ai162-369498,[],False
714778444,275,VISl,Pvalb-IRES-Cre,Ai162(TIT2L-GC6s-ICL-tTA2),388801,Pvalb-IRES-Cre;Ai162-388801,[],False
701412138,175,VISp,Cux2-CreERT2,Ai93(TITL-GCaMP6f),382421,Cux2-CreERT2;Camk2a-tTA;Ai93-382421,[],False
575772104,275,VISl,Vip-IRES-Cre,Ai148(TIT2L-GC6f-ICL-tTA2),296710,Vip-IRES-Cre;Ai148-296710,[],False
614561352,275,VISrl,Cux2-CreERT2,Ai93(TITL-GCaMP6f),333422,Cux2-CreERT2;Camk2a-tTA;Ai93-333422,[],False
601812178,175,VISl,Vip-IRES-Cre,Ai148(TIT2L-GC6f-ICL-tTA2),317644,Vip-IRES-Cre;Ai148-317644,[],False
606130900,375,VISp,Sst-IRES-Cre,Ai148(TIT2L-GC6f-ICL-tTA2),327595,Sst-IRES-Cre;Ai148(CAM)-327595,[],False
511510748,275,VISpm,Rorb-IRES2-Cre,Ai93(TITL-GCaMP6f),232623,Rorb-IRES2-Cre;Camk2a-tTA;Ai93-232623,[],False
670395723,625,VISl,Ntsr1-Cre_GN220,Ai148(TIT2L-GC6f-ICL-tTA2),370773,Ntsr1-Cre_GN220;Ai148-370773,[],False
657082052,375,VISp,Slc17a7-IRES2-Cre,Ai93(TITL-GCaMP6f),356790,Slc17a7-IRES2-Cre;Camk2a-tTA;Ai93-356790.0,[],False
669859473,570,VISpm,Ntsr1-Cre_GN220,Ai148(TIT2L-GC6f-ICL-tTA2),370771,Ntsr1-Cre_GN220;Ai148-370771,[],False
652842493,275,VISp,Vip-IRES-Cre,Ai148(TIT2L-GC6f-ICL-tTA2),354819,Vip-IRES-Cre;Ai148-354819,[],False
553568029,275,VISrl,Rorb-IRES2-Cre,Ai93(TITL-GCaMP6f),268133,Rorb-IRES2-Cre;Camk2a-tTA;Ai93-268133,[],False
639253041,275,VISal,Slc17a7-IRES2-Cre,Ai93(TITL-GCaMP6f),340467,Slc17a7-IRES2-Cre;Camk2a-tTA;Ai93-340467,[],False
604866830,175,VISp,Vip-IRES-Cre,Ai148(TIT2L-GC6f-ICL-tTA2),326489,Vip-IRES-Cre;Ai148-326489,[],False
511510718,175,VISp,Cux2-CreERT2,Ai93(TITL-GCaMP6f),231584,Cux2-CreERT2;Camk2a-tTA;Ai93-231584,[],False
609198028,375,VISl,Fezf2-CreER,Ai148(TIT2L-GC6f-ICL-tTA2),325005,Fezf2-CreER;Ai148(CAM)-325005,[],False
511510989,275,VISp,Rorb-IRES2-Cre,Ai93(TITL-GCaMP6f),222431,Rorb-IRES2-Cre;Camk2a-tTA;Ai93-222431,[],False
575710989,275,VISrl,Emx1-IRES-Cre,Ai93(TITL-GCaMP6f),296704,Emx1-IRES-Cre;Camk2a-tTA;Ai93-296704,[],False
696156781,275,VISpm,Vip-IRES-Cre,Ai148(TIT2L-GC6f-ICL-tTA2),379899,Vip-IRES-Cre;Ai148-379899,[],False
601273919,275,VISpm,Sst-IRES-Cre,Ai148(TIT2L-GC6f-ICL-tTA2),316777,Sst-IRES-Cre;Ai148(CAM)-316777,[],False
652096181,375,VISpm,Slc17a7-IRES2-Cre,Ai93(TITL-GCaMP6f),355474,Slc17a7-IRES2-Cre;Camk2a-tTA;Ai93-355474,[],False
572607996,375,VISal,Rbp4-Cre_KL100,Ai93(TITL-GCaMP6f),291465,Rbp4-Cre_KL100;Camk2a-tTA;Ai93-291465,[],False
580043437,275,VISp,Sst-IRES-Cre,Ai148(TIT2L-GC6f-ICL-tTA2),297504,Sst-IRES-Cre;Ai148(CAM)-297504,[],False
1018027868,300,VISl,Vip-IRES-Cre,Ai148(TIT2L-GC6f-ICL-tTA2),438912,Vip-IRES-Cre;Ai148-438912,[],False
975371413,275,VISp,Sst-IRES-Cre,Ai148(TIT2L-GC6f-ICL-tTA2),477202,Sst-IRES-Cre;Ai148-477202,[],False
651773425,375,VISl,Fezf2-CreER,Ai148(TIT2L-GC6f-ICL-tTA2),351315,Fezf2-CreER;Ai148-351315,[],False
546328009,350,VISal,Nr5a1-Cre,Ai93(TITL-GCaMP6f),261969,Nr5a1-Cre;Camk2a-tTA;Ai93-261969,[],False
511510911,350,VISp,Scnn1a-Tg3-Cre,Ai93(TITL-GCaMP6f),230570,Scnn1a-Tg3-Cre;Camk2a-tTA;Ai93-230570,[],False
511511015,375,VISpm,Rbp4-Cre_KL100,Ai93(TITL-GCaMP6f),234584,Rbp4-Cre;Camk2a-tTA;Ai93-234584,[],False
569792815,375,VISam,Emx1-IRES-Cre,Ai93(TITL-GCaMP6f),284669,Emx1-IRES-Cre;Camk2a-tTA;Ai93-284669,[],False
644909309,550,VISp,Ntsr1-Cre_GN220,Ai148(TIT2L-GC6f-ICL-tTA2),348105,Ntsr1-Cre_GN220;Ai148-348105,[],False
941373529,275,VISp,Sst-IRES-Cre,Ai148(TIT2L-GC6f-ICL-tTA2),470784,Sst-IRES-Cre;Ai148-470784,[],False
528792730,350,VISp,Nr5a1-Cre,Ai93(TITL-GCaMP6f),248894,Nr5a1-Cre;Camk2a-tTA;Ai93-248894,[],False
646959440,175,VISpm,Vip-IRES-Cre,Ai148(TIT2L-GC6f-ICL-tTA2),350249,Vip-IRES-Cre;Ai148-350249,[],False
595263152,375,VISp,Emx1-IRES-Cre,Ai93(TITL-GCaMP6f),309152,Emx1-IRES-Cre;Camk2a-tTA;Ai93-309152,[],False
689402243,275,VISpm,Vip-IRES-Cre,Ai148(TIT2L-GC6f-ICL-tTA2),379345,Vip-IRES-Cre;Ai148-379345,[],False
673144414,375,VISpm,Slc17a7-IRES2-Cre,Ai93(TITL-GCaMP6f),372079,Slc17a7-IRES2-Cre;Camk2a-tTA;Ai93-372079,[],False
576208803,175,VISrl,Emx1-IRES-Cre,Ai93(TITL-GCaMP6f)-hyg,296708,Emx1-IRES-Cre;Camk2a-tTA;Ai93-hyg-296708,[],False
581026086,275,VISp,Sst-IRES-Cre,Ai148(TIT2L-GC6f-ICL-tTA2),297507,Sst-IRES-Cre;Ai148(CAM)-297507,[],False
580051757,375,VISrl,Rbp4-Cre_KL100,Ai93(TITL-GCaMP6f),300663,Rbp4-Cre_KL100;Camk2a-tTA;Ai93-300663,[],False
649324896,275,VISpm,Vip-IRES-Cre,Ai148(TIT2L-GC6f-ICL-tTA2),351413,Vip-IRES-Cre;Ai148-351413,[],False
598564171,375,VISp,Rbp4-Cre_KL100,Ai93(TITL-GCaMP6f),315297,Rbp4-Cre_KL100;Camk2a-tTA;Ai93-315297,[],False
584155531,275,VISl,Emx1-IRES-Cre,Ai93(TITL-GCaMP6f),301048,Emx1-IRES-Cre;Camk2a-tTA;Ai93-301048,[],False
1018028396,225,VISp,Vip-IRES-Cre,Ai148(TIT2L-GC6f-ICL-tTA2),453989,Vip-IRES-Cre;Ai148-453989,[],False
591548031,175,VISrl,Cux2-CreERT2,Ai93(TITL-GCaMP6f),307419,Cux2-CreERT2;Camk2a-tTA;Ai93-307419,[],False
637671552,375,VISp,Tlx3-Cre_PL56,Ai148(TIT2L-GC6f-ICL-tTA2),340430,Tlx3-Cre_PL56;Ai148-340430,[],False
561312433,275,VISp,Emx1-IRES-Cre,Ai93(TITL-GCaMP6f),280638,Emx1-IRES-Cre;Camk2a-tTA;Ai93-280638,[],False
512124562,275,VISp,Rorb-IRES2-Cre,Ai93(TITL-GCaMP6f),234831,Rorb-IRES2-Cre;Camk2a-tTA;Ai93-234831,[],False
650389905,275,VISpm,Vip-IRES-Cre,Ai148(TIT2L-GC6f-ICL-tTA2),350249,Vip-IRES-Cre;Ai148-350249,[],False
552760668,275,VISam,Rorb-IRES2-Cre,Ai93(TITL-GCaMP6f),268133,Rorb-IRES2-Cre;Camk2a-tTA;Ai93-268133,[],False
1006386845,275,VISp,Sst-IRES-Cre,Ai148(TIT2L-GC6f-ICL-tTA2),498972,Sst-IRES-Cre;Ai148-498972,[],False
595906107,275,VISp,Emx1-IRES-Cre,Ai93(TITL-GCaMP6f),309152,Emx1-IRES-Cre;Camk2a-tTA;Ai93-309152,[],False
640210564,375,VISpm,Sst-IRES-Cre,Ai148(TIT2L-GC6f-ICL-tTA2),340378,Sst-IRES-Cre;Ai148-340378,[],False
698102441,276,VISal,Cux2-CreERT2,Ai93(TITL-GCaMP6f),339323,Cux2-CreERT2;Camk2a-tTA;Ai93-339323,[],False
643590699,375,VISl,Rbp4-Cre_KL100,Ai93(TITL-GCaMP6f),344122,Rbp4-Cre_KL100;Camk2a-tTA;Ai93-344122,[],False
947838486,175,VISp,Slc17a7-IRES2-Cre,Ai93(TITL-GCaMP6f),476067,Slc17a7-IRES2-Cre;Camk2a-tTA;Ai93-476067,[],False
682734790,205,VISp,Slc17a7-IRES2-Cre,Ai94(TITL-GCaMP6s),377111,Slc17a7-IRES2-Cre;Camk2a-tTA;Ai94-377111,[],False
604889966,275,VISam,Rorb-IRES2-Cre,Ai93(TITL-GCaMP6f),323538,Rorb-IRES2-Cre;Camk2a-tTA;Ai93-323538,[],False
555327033,375,VISam,Rbp4-Cre_KL100,Ai93(TITL-GCaMP6f),271750,Rbp4-Cre;Camk2a-tTA;Ai93-271750,[],False
642651896,275,VISp,Rorb-IRES2-Cre,Ai93(TITL-GCaMP6f),339312,Rorb-IRES2-Cre;Camk2a-tTA;Ai93-339312,[],False
511510817,175,VISpm,Cux2-CreERT2,Ai93(TITL-GCaMP6f),222424,Cux2-CreERT2;Camk2a-tTA;Ai93-222424,[],False
644947714,175,VISpm,Slc17a7-IRES2-Cre,Ai93(TITL-GCaMP6f),347748,Slc17a7-IRES2-Cre;Camk2a-tTA;Ai93-347748,[],False
1018028360,300,VISl,Sst-IRES-Cre,Ai148(TIT2L-GC6f-ICL-tTA2),457841,Sst-IRES-Cre;Ai148-457841,[],False
602589529,275,VISl,Vip-IRES-Cre,Ai148(TIT2L-GC6f-ICL-tTA2),317644,Vip-IRES-Cre;Ai148-317644,[],False
511499656,375,VISal,Rbp4-Cre_KL100,Ai93(TITL-GCaMP6f),233442,Rbp4-Cre;Camk2a-tTA;Ai93-233442,[],False
573261513,275,VISl,Emx1-IRES-Cre,Ai93(TITL-GCaMP6f),296702,Emx1-IRES-Cre;Camk2a-tTA;Ai93-296702,[],False
604328040,375,VISrl,Slc17a7-IRES2-Cre,Ai93(TITL-GCaMP6f),325932,Slc17a7-IRES2-Cre;Camk2a-tTA;Ai93-325932,[],False
593902385,275,VISam,Cux2-CreERT2,Ai93(TITL-GCaMP6f),308148,Cux2-CreERT2;Camk2a-tTA;Ai93-308148,[],False
603452149,375,VISpm,Sst-IRES-Cre,Ai148(TIT2L-GC6f-ICL-tTA2),321822,Sst-IRES-Cre;Ai148(CAM)-321822,[],False
616779891,375,VISam,Rbp4-Cre_KL100,Ai93(TITL-GCaMP6f),335039,Rbp4-Cre_KL100;Camk2a-tTA;Ai93-335039,[],False
657470854,175,VISpm,Cux2-CreERT2,Ai93(TITL-GCaMP6f),360565,Cux2-CreERT2;Camk2a-tTA;Ai93-360565,[],False
674802081,390,VISp,Fezf2-CreER,Ai148(TIT2L-GC6f-ICL-tTA2),374201,Fezf2-CreER;Ai148-374201,[],False
584778281,275,VISl,Sst-IRES-Cre,Ai148(TIT2L-GC6f-ICL-tTA2),300647,Sst-IRES-Cre;Ai148(CAM)-300647,[],False
612549083,375,VISl,Sst-IRES-Cre,Ai148(TIT2L-GC6f-ICL-tTA2),327595,Sst-IRES-Cre;Ai148(CAM)-327595,[],False
968451510,175,VISp,Slc17a7-IRES2-Cre,Ai94(TITL-GCaMP6s),479426,Slc17a7-IRES2-Cre;Camk2a-tTA;Ai94-479426,[],False
657650108,275,VISp,Vip-IRES-Cre,Ai148(TIT2L-GC6f-ICL-tTA2),360897,Vip-IRES-Cre;Ai148-360897,[],False
669859917,225,VISp,Pvalb-IRES-Cre,Ai162(TIT2L-GC6s-ICL-tTA2),369495,Pvalb-IRES-Cre;Ai162-369495,[],False
575940387,350,VISp,Sst-IRES-Cre,Ai148(TIT2L-GC6f-ICL-tTA2),297620,Sst-IRES-Cre;Ai148(CAM)-297620,[],False
560722730,350,VISam,Nr5a1-Cre,Ai93(TITL-GCaMP6f),271732,Nr5a1-Cre;Camk2a-tTA;Ai93-271732,[],False
657389970,275,VISp,Vip-IRES-Cre,Ai148(TIT2L-GC6f-ICL-tTA2),355670,Vip-IRES-Cre;Ai148-355670,[],False
547561986,275,VISl,Rorb-IRES2-Cre,Ai93(TITL-GCaMP6f),265161,Rorb-IRES2-Cre;Camk2a-tTA;Ai93-265161,[],False
665413463,375,VISpm,Slc17a7-IRES2-Cre,Ai93(TITL-GCaMP6f),361635,Slc17a7-IRES2-Cre;Camk2a-tTA;Ai93-361635,[],False
588503721,375,VISp,Rbp4-Cre_KL100,Ai93(TITL-GCaMP6f),301125,Rbp4-Cre_KL100;Camk2a-tTA;Ai93-301125,[],False
588196040,275,VISrl,Rorb-IRES2-Cre,Ai93(TITL-GCaMP6f),305469,Rorb-IRES2-Cre;Camk2a-tTA;Ai93-305469,[],False
612543997,175,VISp,Vip-IRES-Cre,Ai148(TIT2L-GC6f-ICL-tTA2),336243,Vip-IRES-Cre;Ai148-336243,[],False
511511011,275,VISl,Rorb-IRES2-Cre,Ai93(TITL-GCaMP6f),232623,Rorb-IRES2-Cre;Camk2a-tTA;Ai93-232623,[],False
782536745,375,VISp,Slc17a7-IRES2-Cre,Ai93(TITL-GCaMP6f),403491,Slc17a7-IRES2-Cre;Camk2a-tTA;Ai93-403491,[],False
599920955,300,VISpm,Sst-IRES-Cre,Ai148(TIT2L-GC6f-ICL-tTA2),315562,Sst-IRES-Cre;Ai148(CAM)-315562,[],False
603452289,275,VISl,Vip-IRES-Cre,Ai148(TIT2L-GC6f-ICL-tTA2),317097,Vip-IRES-Cre;Ai148-317097,[],False
564791547,265,VISal,Emx1-IRES-Cre,Ai93(TITL-GCaMP6f),280643,Emx1-IRES-Cre;Camk2a-tTA;Ai93-280643,[],False
639117194,375,VISpm,Sst-IRES-Cre,Ai148(TIT2L-GC6f-ICL-tTA2),340377,Sst-IRES-Cre;Ai148-340377,[],False
569718095,275,VISam,Rorb-IRES2-Cre,Ai93(TITL-GCaMP6f),284418,Rorb-IRES2-Cre;Camk2a-tTA;Ai93-284418,[],False
686442554,250,VISl,Sst-IRES-Cre,Ai148(TIT2L-GC6f-ICL-tTA2),377629,Sst-IRES-Cre;Ai148-377629,[],False
645690244,550,VISpm,Ntsr1-Cre_GN220,Ai148(TIT2L-GC6f-ICL-tTA2),348105,Ntsr1-Cre_GN220;Ai148-348105,[],False
511510688,175,VISl,Cux2-CreERT2,Ai93(TITL-GCaMP6f),225039,Cux2-CreERT2;Camk2a-tTA;Ai93-225039,[],False
511510940,275,VISpm,Cux2-CreERT2,Ai93(TITL-GCaMP6f),229106,Cux2-CreERT2;Camk2a-tTA;Ai93-229106,[],False
609479771,275,VISam,Rorb-IRES2-Cre,Ai93(TITL-GCaMP6f),328096,Rorb-IRES2-Cre;Camk2a-tTA;Ai93-328096,[],False
652092000,175,VISpm,Vip-IRES-Cre,Ai148(TIT2L-GC6f-ICL-tTA2),350509,Vip-IRES-Cre;Ai148-350509,[],False
660064794,350,VISrl,Nr5a1-Cre,Ai93(TITL-GCaMP6f),361002,Nr5a1-Cre;Camk2a-tTA;Ai93-361002,[],False
511510699,275,VISp,Cux2-CreERT2,Ai93(TITL-GCaMP6f),225037,Cux2-CreERT2;Camk2a-tTA;Ai93-225037,[],False
671618885,275,VISp,Pvalb-IRES-Cre,Ai162(TIT2L-GC6s-ICL-tTA2),369495,Pvalb-IRES-Cre;Ai162-369495,[],False
653125128,175,VISp,Slc17a7-IRES2-Cre,Ai93(TITL-GCaMP6f),354498,Slc17a7-IRES2-Cre;Camk2a-tTA;Ai93-354498,[],False
702208910,275,VISrl,Cux2-CreERT2,Ai93(TITL-GCaMP6f),382423,Cux2-CreERT2;Camk2a-tTA;Ai93-382423,[],False
638056632,275,VISal,Cux2-CreERT2,Ai93(TITL-GCaMP6f),339323,Cux2-CreERT2;Camk2a-tTA;Ai93-339323,[],False
701046698,275,VISpm,Slc17a7-IRES2-Cre,Ai93(TITL-GCaMP6f),385254,Slc17a7-IRES2-Cre;Camk2a-tTA;Ai93-385254,[],False
696503438,550,VISl,Ntsr1-Cre_GN220,Ai148(TIT2L-GC6f-ICL-tTA2),382138,Ntsr1-Cre_GN220;Ai148-382138,[],False
603316204,275,VISl,Vip-IRES-Cre,Ai148(TIT2L-GC6f-ICL-tTA2),317098,Vip-IRES-Cre;Ai148-317098,[],False
604576635,175,VISal,Slc17a7-IRES2-Cre,Ai93(TITL-GCaMP6f),324178,Slc17a7-IRES2-Cre;Camk2a-tTA;Ai93-324178,[],False
659491615,275,VISp,Vip-IRES-Cre,Ai148(TIT2L-GC6f-ICL-tTA2),360906,Vip-IRES-Cre;Ai148-360906,[],False
560876149,175,VISal,Emx1-IRES-Cre,Ai93(TITL-GCaMP6f),280643,Emx1-IRES-Cre;Camk2a-tTA;Ai93-280643,[],False
592349242,275,VISrl,Cux2-CreERT2,Ai93(TITL-GCaMP6f),308148,Cux2-CreERT2;Camk2a-tTA;Ai93-308148,[],False
646016202,375,VISl,Slc17a7-IRES2-Cre,Ai93(TITL-GCaMP6f),347748,Slc17a7-IRES2-Cre;Camk2a-tTA;Ai93-347748,[],False
595806298,375,VISp,Emx1-IRES-Cre,Ai93(TITL-GCaMP6f),311728,Emx1-IRES-Cre;Camk2a-tTA;Ai93-311728,[],False
540993888,350,VISp,Scnn1a-Tg3-Cre,Ai93(TITL-GCaMP6f),250789,Scnn1a-Tg3-Cre;Camk2a-tTA;Ai93-250789,[],False
612044633,265,VISp,Sst-IRES-Cre,Ai148(TIT2L-GC6f-ICL-tTA2),332395,Sst-IRES-Cre;Ai148(CAM)-332395,[],False
583279801,175,VISp,Vip-IRES-Cre,Ai148(TIT2L-GC6f-ICL-tTA2),300657,Vip-IRES-Cre;Ai148-300657,[],False
595620996,275,VISp,Sst-IRES-Cre,Ai148(TIT2L-GC6f-ICL-tTA2),315118,Sst-IRES-Cre;Ai148(CAM)-315118,[],False
511498742,350,VISp,Scnn1a-Tg3-Cre,Ai93(TITL-GCaMP6f),231953,Scnn1a-Tg3-Cre;Camk2a-tTA;Ai93-231953,[],False
573378109,375,VISl,Rbp4-Cre_KL100,Ai93(TITL-GCaMP6f),291865,Rbp4-Cre_KL100;Camk2a-tTA;Ai93-291865,[],False
591430488,375,VISrl,Rbp4-Cre_KL100,Ai93(TITL-GCaMP6f),301124,Rbp4-Cre_KL100;Camk2a-tTA;Ai93-301124,[],False
623587004,375,VISl,Tlx3-Cre_PL56,Ai148(TIT2L-GC6f-ICL-tTA2),336824,Tlx3-Cre_PL56;Ai148(CAM)-336824,[],False
579992884,275,VISp,Sst-IRES-Cre,Ai148(TIT2L-GC6f-ICL-tTA2),296462,Sst-IRES-Cre;Ai148(CAM)-296462,[],False
650885966,175,VISl,Slc17a7-IRES2-Cre,Ai93(TITL-GCaMP6f),355467,Slc17a7-IRES2-Cre;Camk2a-tTA;Ai93-355467,[],False
663488406,375,VISl,Slc17a7-IRES2-Cre,Ai93(TITL-GCaMP6f),365253,Slc17a7-IRES2-Cre;Camk2a-tTA;Ai93-365253,[],False
657391035,275,VISpm,Slc17a7-IRES2-Cre,Ai93(TITL-GCaMP6f),355537,Slc17a7-IRES2-Cre;Camk2a-tTA;Ai93-355537,[],False
662358769,175,VISl,Slc17a7-IRES2-Cre,Ai93(TITL-GCaMP6f),361636,Slc17a7-IRES2-Cre;Camk2a-tTA;Ai93-361636,[],False
511510664,175,VISal,Cux2-CreERT2,Ai93(TITL-GCaMP6f),222420,Cux2-CreERT2;Camk2a-tTA;Ai93-222420,[],False
560809200,350,VISpm,Nr5a1-Cre,Ai93(TITL-GCaMP6f),277933,Nr5a1-Cre;Camk2a-tTA;Ai93-277933,[],False
710469197,275,VISam,Cux2-CreERT2,Ai93(TITL-GCaMP6f),389015,Cux2-CreERT2;Camk2a-tTA;Ai93-389015,[],False
627823202,275,VISpm,Vip-IRES-Cre,Ai148(TIT2L-GC6f-ICL-tTA2),336245,Vip-IRES-Cre;Ai148-336245,[],False
601498409,375,VISam,Rbp4-Cre_KL100,Ai93(TITL-GCaMP6f),315298,Rbp4-Cre_KL100;Camk2a-tTA;Ai93-315298,[],False
543677425,175,VISp,Emx1-IRES-Cre,Ai93(TITL-GCaMP6f),260936,Emx1-IRES-Cre;Camk2a-tTA;Ai93-260936,[],False
554014018,375,VISpm,Rbp4-Cre_KL100,Ai93(TITL-GCaMP6f),271750,Rbp4-Cre;Camk2a-tTA;Ai93-271750,[],False
571137444,375,VISp,Rbp4-Cre_KL100,Ai93(TITL-GCaMP6f),288600,Rbp4-Cre;Camk2a-tTA;Ai93-288600,[],False
1018028357,225,VISl,Sst-IRES-Cre,Ai148(TIT2L-GC6f-ICL-tTA2),457841,Sst-IRES-Cre;Ai148-457841,[],False
526481129,275,VISp,Rorb-IRES2-Cre,Ai93(TITL-GCaMP6f),244884,Rorb-IRES2-Cre;Camk2a-tTA;Ai93-244884,[],False
650079242,175,VISp,Vip-IRES-Cre,Ai148(TIT2L-GC6f-ICL-tTA2),351413,Vip-IRES-Cre;Ai148-351413,[],False
1018028429,225,VISp,Sst-IRES-Cre,Ai148(TIT2L-GC6f-ICL-tTA2),448366,Sst-IRES-Cre;Ai148-448366,[],False
1045477185,175,VISp,Slc17a7-IRES2-Cre,Ai93(TITL-GCaMP6f),533161,Slc17a7-IRES2-Cre;Camk2a-tTA;Ai93-533161,[],False
511510822,175,VISpm,Cux2-CreERT2,Ai93(TITL-GCaMP6f),225037,Cux2-CreERT2;Camk2a-tTA;Ai93-225037,[],False
556899621,175,VISam,Cux2-CreERT2,Ai93(TITL-GCaMP6f),268773,Cux2-CreERT2;Camk2a-tTA;Ai93-268773,[],False
556639822,350,VISal,Nr5a1-Cre,Ai93(TITL-GCaMP6f),271729,Nr5a1-Cre;Camk2a-tTA;Ai93-271729,[],False
511510640,175,VISl,Cux2-CreERT2,Ai93(TITL-GCaMP6f),222426,Cux2-CreERT2;Camk2a-tTA;Ai93-222426,[],False
566458503,175,VISam,Emx1-IRES-Cre,Ai93(TITL-GCaMP6f),284669,Emx1-IRES-Cre;Camk2a-tTA;Ai93-284669,[],False
653122665,275,VISp,Slc17a7-IRES2-Cre,Ai93(TITL-GCaMP6f),355470,Slc17a7-IRES2-Cre;Camk2a-tTA;Ai93-355470,[],False
561463418,175,VISpm,Emx1-IRES-Cre,Ai93(TITL-GCaMP6f),276949,Emx1-IRES-Cre;Camk2a-tTA;Ai93-276949,[],False
707923643,175,VISl,Slc17a7-IRES2-Cre,Ai93(TITL-GCaMP6f),384940,Slc17a7-IRES2-Cre;Camk2a-tTA;Ai93-384940,[],False
653123584,275,VISl,Rorb-IRES2-Cre,Ai93(TITL-GCaMP6f),352471,Rorb-IRES2-Cre;Camk2a-tTA;Ai93-352471,[],False
565216521,175,VISam,Cux2-CreERT2,Ai93(TITL-GCaMP6f),282817,Cux2-CreERT2;Camk2a-tTA;Ai93-282817,[],False
667692761,175,VISp,Pvalb-IRES-Cre,Ai162(TIT2L-GC6s-ICL-tTA2),369496,Pvalb-IRES-Cre;Ai162-369496,[],False
656939125,275,VISp,Slc17a7-IRES2-Cre,Ai93(TITL-GCaMP6f),355537,Slc17a7-IRES2-Cre;Camk2a-tTA;Ai93-355537,[],False
662974313,375,VISp,Slc17a7-IRES2-Cre,Ai93(TITL-GCaMP6f),365251,Slc17a7-IRES2-Cre;Camk2a-tTA;Ai93-365251,[],False
568461662,275,VISam,Emx1-IRES-Cre,Ai93(TITL-GCaMP6f),284669,Emx1-IRES-Cre;Camk2a-tTA;Ai93-284669,[],False
511510779,275,VISp,Cux2-CreERT2,Ai93(TITL-GCaMP6f),225036,Cux2-CreERT2;Camk2a-tTA;Ai93-225036,[],False
511510794,275,VISal,Rorb-IRES2-Cre,Ai93(TITL-GCaMP6f),231120,Rorb-IRES2-Cre;Camk2a-tTA;Ai93-231120,[],False
672207945,275,VISl,Slc17a7-IRES2-Cre,Ai93(TITL-GCaMP6f),369311,Slc17a7-IRES2-Cre;Camk2a-tTA;Ai93-369311,[],False
646686776,550,VISl,Ntsr1-Cre_GN220,Ai148(TIT2L-GC6f-ICL-tTA2),348105,Ntsr1-Cre_GN220;Ai148-348105,[],False
1049224697,275,VISp,Sst-IRES-Cre,Ai148(TIT2L-GC6f-ICL-tTA2),533527,Sst-IRES-Cre;Ai148-533527,[],False
651366508,175,VISl,Slc17a7-IRES2-Cre,Ai93(TITL-GCaMP6f),355468,Slc17a7-IRES2-Cre;Camk2a-tTA;Ai93-355468,[],False
689385402,275,VISpm,Vip-IRES-Cre,Ai148(TIT2L-GC6f-ICL-tTA2),379348,Vip-IRES-Cre;Ai148-379348,[],False
530739574,275,VISp,Rorb-IRES2-Cre,Ai93(TITL-GCaMP6f),249122,Rorb-IRES2-Cre;Camk2a-tTA;Ai93-249122,[],False
1064333290,175,VISp,Vip-IRES-Cre,Ai148(TIT2L-GC6f-ICL-tTA2),538219,Vip-IRES-Cre;Ai148-538219,[],False
662172425,175,VISpm,Slc17a7-IRES2-Cre,Ai93(TITL-GCaMP6f),365255,Slc17a7-IRES2-Cre;Camk2a-tTA;Ai93-365255,[],False
660492024,375,VISrl,Sst-IRES-Cre,Ai148(TIT2L-GC6f-ICL-tTA2),306500,Sst-IRES-Cre;Ai148(CAM)-306500,[],False
528889127,350,VISp,Scnn1a-Tg3-Cre,Ai93(TITL-GCaMP6f),246775,Scnn1a-Tg3-Cre;Camk2a-tTA;Ai93-246775,[],False
626027942,275,VISpm,Vip-IRES-Cre,Ai148(TIT2L-GC6f-ICL-tTA2),336246,Vip-IRES-Cre;Ai148-336246,[],False
682049097,350,VISl,Nr5a1-Cre,Ai93(TITL-GCaMP6f),378302,Nr5a1-Cre;Camk2a-tTA;Ai93-378302,[],False
902748564,175,VISp,Slc17a7-IRES2-Cre,Ai94(TITL-GCaMP6s),456564,Slc17a7-IRES2-Cre;Camk2a-tTA;Ai94-456564,[],False
593506466,350,VISal,Nr5a1-Cre,Ai93(TITL-GCaMP6f),309689,Nr5a1-Cre;Camk2a-tTA;Ai93(CAM)-309689,[],False
556665479,350,VISam,Nr5a1-Cre,Ai93(TITL-GCaMP6f),271727,Nr5a1-Cre;Camk2a-tTA;Ai93-271727,[],False
991913453,275,VISp,Sst-IRES-Cre,Ai148(TIT2L-GC6f-ICL-tTA2),476970,Sst-IRES-Cre;Ai148-476970,[],False
657776354,275,VISpm,Vip-IRES-Cre,Ai148(TIT2L-GC6f-ICL-tTA2),354087,Vip-IRES-Cre;Ai148-354087,[],False
679702882,275,VISp,Slc17a7-IRES2-Cre,Ai93(TITL-GCaMP6f),373869,Slc17a7-IRES2-Cre;Camk2a-tTA;Ai93-373869,[],False
848390542,175,VISp,Slc17a7-IRES2-Cre,Ai93(TITL-GCaMP6f),447663,Slc17a7-IRES2-Cre;Camk2a-tTA;Ai93-447663,[],False
1000740410,175,VISp,Vip-IRES-Cre,Ai148(TIT2L-GC6f-ICL-tTA2),486737,Vip-IRES-Cre;Ai148-486737,[],False
575827179,285,VISp,Sst-IRES-Cre,Ai148(TIT2L-GC6f-ICL-tTA2),296891,Sst-IRES-Cre;Ai148(CAM)-296891,[],False
546085409,275,VISl,Rorb-IRES2-Cre,Ai93(TITL-GCaMP6f),265164,Rorb-IRES2-Cre;Camk2a-tTA;Ai93-265164,[],False
657009579,275,VISl,Vip-IRES-Cre,Ai148(TIT2L-GC6f-ICL-tTA2),354087,Vip-IRES-Cre;Ai148-354087,[],False
637126539,550,VISpm,Ntsr1-Cre_GN220,Ai148(TIT2L-GC6f-ICL-tTA2),339814,Ntsr1-Cre_GN220;Ai148-339814,[],False
555040113,375,VISp,Rbp4-Cre_KL100,Ai93(TITL-GCaMP6f),271750,Rbp4-Cre;Camk2a-tTA;Ai93-271750,[],False
653932503,375,VISp,Slc17a7-IRES2-Cre,Ai93(TITL-GCaMP6f),355474,Slc17a7-IRES2-Cre;Camk2a-tTA;Ai93-355474,[],False
601841435,375,VISl,Sst-IRES-Cre,Ai148(TIT2L-GC6f-ICL-tTA2),315562,Sst-IRES-Cre;Ai148(CAM)-315562,[],False
612555401,175,VISam,Slc17a7-IRES2-Cre,Ai93(TITL-GCaMP6f),334309,Slc17a7-IRES2-Cre;Camk2a-tTA;Ai93-334309,[],False
1018028202,225,VISp,Sst-IRES-Cre,Ai148(TIT2L-GC6f-ICL-tTA2),482853,Sst-IRES-Cre;Ai148-482853,[],False
652094915,275,VISam,Cux2-CreERT2,Ai93(TITL-GCaMP6f),354074,Cux2-CreERT2;Camk2a-tTA;Ai93-354074,[],False
595337948,350,VISl,Nr5a1-Cre,Ai93(TITL-GCaMP6f),309689,Nr5a1-Cre;Camk2a-tTA;Ai93(CAM)-309689,[],False
915584942,375,VISp,Slc17a7-IRES2-Cre,Ai93(TITL-GCaMP6f),464207,Slc17a7-IRES2-Cre;Camk2a-tTA;Ai93-464207,[],False
601547953,375,VISl,Sst-IRES-Cre,Ai148(TIT2L-GC6f-ICL-tTA2),315122,Sst-IRES-Cre;Ai148(CAM)-315122,[],False
511510893,175,VISpm,Cux2-CreERT2,Ai93(TITL-GCaMP6f),229470,Cux2-CreERT2;Camk2a-tTA;Ai93-229470,[],False
650510286,375,VISl,Fezf2-CreER,Ai148(TIT2L-GC6f-ICL-tTA2),351314,Fezf2-CreER;Ai148-351314,[],False
928325203,175,VISp,Vip-IRES-Cre,Ai148(TIT2L-GC6f-ICL-tTA2),467951,Vip-IRES-Cre;Ai148-467951,[],False
574529963,175,VISpm,Emx1-IRES-Cre,Ai93(TITL-GCaMP6f)-hyg,296708,Emx1-IRES-Cre;Camk2a-tTA;Ai93-hyg-296708,[],False
643667453,375,VISl,Tlx3-Cre_PL56,Ai148(TIT2L-GC6f-ICL-tTA2),345270,Tlx3-Cre_PL56;Ai148-345270,[],False
511510670,175,VISp,Cux2-CreERT2,Ai93(TITL-GCaMP6f),225037,Cux2-CreERT2;Camk2a-tTA;Ai93-225037,[],False
660065749,375,VISp,Slc17a7-IRES2-Cre,Ai93(TITL-GCaMP6f),361807,Slc17a7-IRES2-Cre;Camk2a-tTA;Ai93-361807,[],False
566307034,275,VISam,Cux2-CreERT2,Ai93(TITL-GCaMP6f),282817,Cux2-CreERT2;Camk2a-tTA;Ai93-282817,[],False
652842570,175,VISp,Slc17a7-IRES2-Cre,Ai93(TITL-GCaMP6f),355470,Slc17a7-IRES2-Cre;Camk2a-tTA;Ai93-355470,[],False
545578995,375,VISp,Emx1-IRES-Cre,Ai93(TITL-GCaMP6f),260936,Emx1-IRES-Cre;Camk2a-tTA;Ai93-260936,[],False
575771818,375,VISl,Rbp4-Cre_KL100,Ai93(TITL-GCaMP6f),292490,Rbp4-Cre_KL100;Camk2a-tTA;Ai93-292490,[],False
564791561,365,VISal,Emx1-IRES-Cre,Ai93(TITL-GCaMP6f),280643,Emx1-IRES-Cre;Camk2a-tTA;Ai93-280643,[],False
1018028411,300,VISl,Vip-IRES-Cre,Ai148(TIT2L-GC6f-ICL-tTA2),453989,Vip-IRES-Cre;Ai148-453989,[],False
555749366,350,VISpm,Nr5a1-Cre,Ai93(TITL-GCaMP6f),261967,Nr5a1-Cre;Camk2a-tTA;Ai93-261967,[],False
1039579201,275,VISp,Sst-IRES-Cre,Ai148(TIT2L-GC6f-ICL-tTA2),524274,Sst-IRES-Cre;Ai148-524274,[],False
511510945,275,VISl,Cux2-CreERT2,Ai93(TITL-GCaMP6f),229107,Cux2-CreERT2;Camk2a-tTA;Ai93-229107,[],False
617395453,275,VISp,Vip-IRES-Cre,Ai148(TIT2L-GC6f-ICL-tTA2),336243,Vip-IRES-Cre;Ai148-336243,[],False
643592301,375,VISp,Fezf2-CreER,Ai148(TIT2L-GC6f-ICL-tTA2),344179,Fezf2-CreER;Ai148-344179,[],False
1018027853,225,VISp,Vip-IRES-Cre,Ai148(TIT2L-GC6f-ICL-tTA2),438912,Vip-IRES-Cre;Ai148-438912,[],False
511511089,375,VISl,Rbp4-Cre_KL100,Ai93(TITL-GCaMP6f),234584,Rbp4-Cre;Camk2a-tTA;Ai93-234584,[],False
1006071814,275,VISp,Sst-IRES-Cre,Ai148(TIT2L-GC6f-ICL-tTA2),495789,Sst-IRES-Cre;Ai148-495789,[],False
606960910,275,VISl,Sst-IRES-Cre,Ai148(TIT2L-GC6f-ICL-tTA2),327595,Sst-IRES-Cre;Ai148(CAM)-327595,[],False
685063218,350,VISpm,Sst-IRES-Cre,Ai148(TIT2L-GC6f-ICL-tTA2),377629,Sst-IRES-Cre;Ai148-377629,[],False
1064333322,175,VISp,Vip-IRES-Cre,Ai148(TIT2L-GC6f-ICL-tTA2),544261,Vip-IRES-Cre;Ai148-544261,[],False
511500480,275,VISal,Rorb-IRES2-Cre,Ai93(TITL-GCaMP6f),232623,Rorb-IRES2-Cre;Camk2a-tTA;Ai93-232623,[],False
929913236,175,VISp,Vip-IRES-Cre,Ai148(TIT2L-GC6f-ICL-tTA2),468866,Vip-IRES-Cre;Ai148-468866,[],False
607426688,175,VISpm,Vip-IRES-Cre,Ai148(TIT2L-GC6f-ICL-tTA2),326489,Vip-IRES-Cre;Ai148-326489,[],False
584475415,375,VISal,Rbp4-Cre_KL100,Ai93(TITL-GCaMP6f),300664,Rbp4-Cre_KL100;Camk2a-tTA;Ai93-300664,[],False
559792042,275,VISl,Emx1-IRES-Cre,Ai93(TITL-GCaMP6f),276948,Emx1-IRES-Cre;Camk2a-tTA;Ai93-276948,[],False
665726616,570,VISl,Ntsr1-Cre_GN220,Ai148(TIT2L-GC6f-ICL-tTA2),370773,Ntsr1-Cre_GN220;Ai148-370773,[],False
571039045,350,VISrl,Nr5a1-Cre,Ai93(TITL-GCaMP6f),286360,Nr5a1-Cre;Camk2a-tTA;Ai93-286360,[],False
643061996,275,VISrl,Rorb-IRES2-Cre,Ai93(TITL-GCaMP6f),338505,Rorb-IRES2-Cre;Camk2a-tTA;Ai93-338505,[],False
686912320,550,VISp,Ntsr1-Cre_GN220,Ai148(TIT2L-GC6f-ICL-tTA2),377129,Ntsr1-Cre_GN220;Ai148-377129,[],False
511511083,175,VISpm,Cux2-CreERT2,Ai93(TITL-GCaMP6f),233215,Cux2-CreERT2;Camk2a-tTA;Ai93-233215,[],False
657390169,175,VISp,Vip-IRES-Cre,Ai148(TIT2L-GC6f-ICL-tTA2),354087,Vip-IRES-Cre;Ai148-354087,[],False
803517529,375,VISp,Slc17a7-IRES2-Cre,Ai93(TITL-GCaMP6f),425493,Slc17a7-IRES2-Cre;Camk2a-tTA;Ai93-425493,[],False
511976252,175,VISpm,Cux2-CreERT2,Ai93(TITL-GCaMP6f),233214,Cux2-CreERT2;Camk2a-tTA;Ai93-233214,[],False
661744802,375,VISp,Slc17a7-IRES2-Cre,Ai93(TITL-GCaMP6f),361635,Slc17a7-IRES2-Cre;Camk2a-tTA;Ai93-361635,[],False
569981238,275,VISrl,Rorb-IRES2-Cre,Ai93(TITL-GCaMP6f),284417,Rorb-IRES2-Cre;Camk2a-tTA;Ai93-284417,[],False
710504561,375,VISp,Pvalb-IRES-Cre,Ai162(TIT2L-GC6s-ICL-tTA2),388804,Pvalb-IRES-Cre;Ai162-388804,[],False
603763385,325,VISpm,Sst-IRES-Cre,Ai148(TIT2L-GC6f-ICL-tTA2),323528,Sst-IRES-Cre;Ai148(CAM)-323528,[],False
991913246,175,VISp,Vip-IRES-Cre,Ai148(TIT2L-GC6f-ICL-tTA2),489066,Vip-IRES-Cre;Ai148-489066,[],False
638753614,175,VISpm,Slc17a7-IRES2-Cre,Ai93(TITL-GCaMP6f),340467,Slc17a7-IRES2-Cre;Camk2a-tTA;Ai93-340467,[],False
551657958,175,VISl,Cux2-CreERT2,Ai93(TITL-GCaMP6f),268773,Cux2-CreERT2;Camk2a-tTA;Ai93-268773,[],False
511510896,375,VISp,Rbp4-Cre_KL100,Ai93(TITL-GCaMP6f),226219,Rbp4-Cre;Camk2a-tTA;Ai93-226219,[],False
614556104,275,VISl,Vip-IRES-Cre,Ai148(TIT2L-GC6f-ICL-tTA2),336246,Vip-IRES-Cre;Ai148-336246,[],False
539291370,335,VISp,Nr5a1-Cre,Ai93(TITL-GCaMP6f),250606,Nr5a1-Cre;Camk2a-tTA;Ai93-250606,[],False
890047007,175,VISp,Slc17a7-IRES2-Cre,Ai93(TITL-GCaMP6f),456916,Slc17a7-IRES2-Cre;Camk2a-tTA;Ai93-456916,[],False
896318095,375,VISp,Slc17a7-IRES2-Cre,Ai94(TITL-GCaMP6s),462468,Slc17a7-IRES2-Cre;Camk2a-tTA;Ai94-462468,[],False
603502696,350,VISrl,Nr5a1-Cre,Ai93(TITL-GCaMP6f),323753,Nr5a1-Cre;Camk2a-tTA;Ai93(CAM)-323753,[],False
570008442,275,VISrl,Cux2-CreERT2,Ai93(TITL-GCaMP6f),283284,Cux2-CreERT2;Camk2a-tTA;Ai93-283284,[],False
591460068,275,VISal,Rorb-IRES2-Cre,Ai93(TITL-GCaMP6f),305467,Rorb-IRES2-Cre;Camk2a-tTA;Ai93-305467,[],False
658534530,275,VISpm,Cux2-CreERT2,Ai93(TITL-GCaMP6f),360565,Cux2-CreERT2;Camk2a-tTA;Ai93-360565,[],False
659746623,275,VISp,Slc17a7-IRES2-Cre,Ai93(TITL-GCaMP6f),356796,Slc17a7-IRES2-Cre;Camk2a-tTA;Ai93-356796,[],False
665722299,550,VISp,Ntsr1-Cre_GN220,Ai148(TIT2L-GC6f-ICL-tTA2),362287,Ntsr1-Cre_GN220;Ai148-362287,[],False
658518484,175,VISp,Vip-IRES-Cre,Ai148(TIT2L-GC6f-ICL-tTA2),360897,Vip-IRES-Cre;Ai148-360897,[],False
602616431,350,VISp,Nr5a1-Cre,Ai93(TITL-GCaMP6f),323753,Nr5a1-Cre;Camk2a-tTA;Ai93(CAM)-323753,[],False
657472844,175,VISl,Vip-IRES-Cre,Ai148(TIT2L-GC6f-ICL-tTA2),360902,Vip-IRES-Cre;Ai148-360902,[],False
657804822,350,VISrl,Nr5a1-Cre,Ai93(TITL-GCaMP6f),361003,Nr5a1-Cre;Camk2a-tTA;Ai93-361003,[],False
658816711,350,VISp,Nr5a1-Cre,Ai93(TITL-GCaMP6f),361002,Nr5a1-Cre;Camk2a-tTA;Ai93-361002,[],False
659752540,250,VISl,Vip-IRES-Cre,Ai148(TIT2L-GC6f-ICL-tTA2),357433,Vip-IRES-Cre;Ai148-357433,[],False
657224239,175,VISl,Vip-IRES-Cre,Ai148(TIT2L-GC6f-ICL-tTA2),357433,Vip-IRES-Cre;Ai148-357433,[],False
644061873,175,VISl,Slc17a7-IRES2-Cre,Ai93(TITL-GCaMP6f),347751,Slc17a7-IRES2-Cre;Camk2a-tTA;Ai93-347751,[],False
606872639,375,VISl,Fezf2-CreER,Ai148(TIT2L-GC6f-ICL-tTA2),325006,Fezf2-CreER;Ai148(CAM)-325006,[],False
602397921,275,VISpm,Sst-IRES-Cre,Ai148(TIT2L-GC6f-ICL-tTA2),321822,Sst-IRES-Cre;Ai148(CAM)-321822,[],False
876693090,175,VISp,Slc17a7-IRES2-Cre,Ai94(TITL-GCaMP6s),449441,Slc17a7-IRES2-Cre;Camk2a-tTA;Ai94-449441,[],False
581676514,250,VISl,Sst-IRES-Cre,Ai148(TIT2L-GC6f-ICL-tTA2),300424,Sst-IRES-Cre;Ai148(CAM)-300424,[],False
957570596,175,VISp,Vip-IRES-Cre,Ai148(TIT2L-GC6f-ICL-tTA2),467953,Vip-IRES-Cre;Ai148-467953,[],False
930024022,175,VISp,Slc17a7-IRES2-Cre,Ai93(TITL-GCaMP6f),459773,Slc17a7-IRES2-Cre;Camk2a-tTA;Ai93-459773,[],False
531134088,335,VISp,Scnn1a-Tg3-Cre,Ai93(TITL-GCaMP6f),246775,Scnn1a-Tg3-Cre;Camk2a-tTA;Ai93-246775,[],False
814796612,375,VISp,Slc17a7-IRES2-Cre,Ai93(TITL-GCaMP6f),412366,Slc17a7-IRES2-Cre;Camk2a-tTA;Ai93-412366,[],False
1018027599,225,VISp,Vip-IRES-Cre,Ai148(TIT2L-GC6f-ICL-tTA2),449653,Vip-IRES-Cre;Ai148-449653,[],False
589253442,275,VISpm,Sst-IRES-Cre,Ai148(TIT2L-GC6f-ICL-tTA2),306503,Sst-IRES-Cre;Ai148(CAM)-306503,[],False
601374504,275,VISpm,Vip-IRES-Cre,Ai148(TIT2L-GC6f-ICL-tTA2),317644,Vip-IRES-Cre;Ai148-317644,[],False
556936862,300,VISpm,Nr5a1-Cre,Ai93(TITL-GCaMP6f),266396,Nr5a1-Cre;Camk2a-tTA;Ai93-266396,[],False
563364151,375,VISal,Emx1-IRES-Cre,Ai93(TITL-GCaMP6f),283147,Emx1-IRES-Cre;Camk2a-tTA;Ai93-283147,[],False
957366099,375,VISp,Slc17a7-IRES2-Cre,Ai93(TITL-GCaMP6f),476631,Slc17a7-IRES2-Cre;Camk2a-tTA;Ai93-476631,[],False
657785848,375,VISpm,Slc17a7-IRES2-Cre,Ai93(TITL-GCaMP6f),356790,Slc17a7-IRES2-Cre;Camk2a-tTA;Ai93-356790.0,[],False
571684731,375,VISpm,Rbp4-Cre_KL100,Ai93(TITL-GCaMP6f),288600,Rbp4-Cre;Camk2a-tTA;Ai93-288600,[],False
640198007,275,VISrl,Rorb-IRES2-Cre,Ai93(TITL-GCaMP6f),338502,Rorb-IRES2-Cre;Camk2a-tTA;Ai93-338502,[],False
627823633,175,VISl,Vip-IRES-Cre,Ai148(TIT2L-GC6f-ICL-tTA2),336898,Vip-IRES-Cre;Ai148-336898,[],False
511511006,375,VISpm,Rbp4-Cre_KL100,Ai93(TITL-GCaMP6f),233442,Rbp4-Cre;Camk2a-tTA;Ai93-233442,[],False
591392164,175,VISrl,Cux2-CreERT2,Ai93(TITL-GCaMP6f),308148,Cux2-CreERT2;Camk2a-tTA;Ai93-308148,[],False
527676429,275,VISp,Emx1-IRES-Cre,Ai93(TITL-GCaMP6f),237706,Emx1-IRES-Cre;Camk2a-tTA;Ai93-237706,['Epileptiform Events'],False
637669268,375,VISp,Tlx3-Cre_PL56,Ai148(TIT2L-GC6f-ICL-tTA2),340427,Tlx3-Cre_PL56;Ai148-340427,[],False
